external_track_id,title,artist,album,language,year,decade,tempo,rms_mean,spectral_centroid_mean,seed_query
YiVML4Zo,"Gehra Hua (From ""Dhurandhar"")","Shashwat Sachdev, Arijit Singh, Irshad Kamil, Armaan Khan","Gehra Hua (From ""Dhurandhar"")",hindi,2025.0,2020s,63.024,0.048799,2600.569,Arijit Singh
1gHtmQ3x,Gehra Hua,"Irshad Kamil, Arijit Singh, Shashwat Sachdev, Armaan Khan",Dhurandhar,hindi,2025.0,2020s,63.024,0.048799,2600.569,Arijit Singh
9rY8kaPt,"Pal Pal Dil Ke Paas (From ""Blackmail"")",Kishore Kumar,Blackmail,hindi,2009.0,2000s,123.047,0.082973,1747.976,Kishore Kumar
L_tHK_WR,"Pal Pal Dil Ke Paas (From ""Blackmail"") (from ""Blackmail"")",Kishore Kumar,Best Of Bollywood,hindi,2026.0,2020s,123.047,0.082948,1739.431,Kishore Kumar
XBsEDHjv,"Pal Pal Dil Ke Paas (From ""Blackmail"")",Kishore Kumar,Best of Kishore Da,hindi,2026.0,2020s,123.047,0.127828,1826.705,Kishore Kumar
yXCLyL-9,"Tum Hi Ho (From ""Aashiqui 2"")","Mithoon, Arijit Singh",World Music Day - Best Of Bollywood Hits,hindi,2026.0,2020s,92.285,0.170126,1260.775,Arijit Singh
aRZbUYD7,Tum Hi Ho,"Mithoon, Arijit Singh",Aashiqui 2,hindi,2013.0,2010s,92.285,0.163765,1353.81,Arijit Singh
Bt07_OpM,"Tum Hi Ho (From ""Aashiqui 2"")","Arijit Singh, Mithoon",Best Of Arijit Singh - Collection Of Romantic Songs,hindi,2025.0,2020s,92.285,0.170503,1343.262,Arijit Singh
-1SyiQS8,Apna Bana Le,"Amitabh Bhattacharya, Sachin-Jigar, Arijit Singh",Hot Hits Bollywood,hindi,2026.0,2020s,92.285,0.120289,1238.293,Arijit Singh
HFIok7C3,Apna Bana Le,"Amitabh Bhattacharya, Sachin-Jigar, Arijit Singh",Wedding Love Songs,hindi,2026.0,2020s,92.285,0.120289,1238.293,Arijit Singh
qZtKBMZ_,Apna Bana Le,"Sachin-Jigar, Arijit Singh",Bhediya,hindi,2023.0,2020s,92.285,0.120289,1238.293,Arijit Singh
ZAwUB9Jy,Apna Bana Le,"Amitabh Bhattacharya, Sachin-Jigar, Arijit Singh",Romantic Classics Hits,hindi,2026.0,2020s,92.285,0.120289,1238.293,Arijit Singh
L7I1fpSU,Apna Bana Le,"Sachin-Jigar, Arijit Singh, Amitabh Bhattacharya",Heartbeats Bollywood,hindi,2026.0,2020s,92.285,0.120289,1238.293,Arijit Singh
vmWsEhRI,O Mere Dil Ke Chain,Kishore Kumar,Mere Jeevan Saathi,hindi,1972.0,1970s,112.347,0.092793,1460.489,Kishore Kumar
CNwAsejW,"Mil Jayein Iss Tarah (From ""Yeh Vaada Raha"")","Kishore Kumar, Asha Bhosle, R.D. Burman","Mil Jayein Iss Tarah (From ""Yeh Vaada Raha"")",hindi,2026.0,2020s,143.555,0.128299,2199.866,Kishore Kumar
5ipkh60b,Yeh Vaada Raha (Tu Tu Hai Wahi / From “Yeh Vaada Raha”),"Kishore Kumar, Asha Bhosle, R.D. Burman",Best of Kishore Da,hindi,2026.0,2020s,143.555,0.143526,2235.241,Kishore Kumar
7Niv17mz,Neele Neele Ambar Par (Male Version),"Kalyanji - Anandji, Kishore Kumar",Kalaakaar,hindi,2016.0,2010s,129.199,0.100284,1386.825,Kishore Kumar
13bQVh6n,Dekha Ek Khwab - II,"Lata Mangeshkar, Kishore Kumar",Silsila,hindi,1981.0,1980s,135.999,0.0539,1689.774,Kishore Kumar
4sB5_PwZ,"Kehdoon Tumhen (From ""Deewaar"")","Kishore Kumar, Asha Bhosle, R.D. Burman",Best of Salim-Javed,hindi,2026.0,2020s,135.999,0.234627,2046.952,Kishore Kumar
xz8K0VQ-,"Kehdoon Tumhen (From ""Deewaar"")","Kishore Kumar, Asha Bhosle, R.D. Burman",Deewaar,hindi,2009.0,2000s,135.999,0.230216,2044.448,Kishore Kumar
PNHIkJPr,Dil To Pagal Hai,"Uttam Singh, Lata Mangeshkar, Udit Narayan, Anand Bakshi",Dil To Pagal Hai,hindi,1997.0,1990s,112.347,0.060023,2178.243,Lata Mangeshkar
CPg5xoka,Lag Ja Gale Se Phir,Lata Mangeshkar,Woh Kaun Thi,hindi,1964.0,pre-1970s,129.199,0.051802,1324.168,Lata Mangeshkar
Hxl3Wug3,Andekhi Anjaani,"Rahul Sharma, Udit Narayan, Lata Mangeshkar, Anand Bakshi",Mujhse Dosti Karoge!,hindi,2002.0,2000s,99.384,0.109301,1881.168,Lata Mangeshkar
XG7gPTCq,Itna Na Mujhse Tu Pyar Badha,"Talat Mahmood, Lata Mangeshkar",Chhaya,hindi,1937.0,pre-1970s,143.555,0.068888,1478.578,Lata Mangeshkar
Drb6UvkS,Gum Hai Kisi Ke Pyar Mein,"Kishore Kumar, Lata Mangeshkar",Golden Collection Lata Mangeshkar And Kishore Kumar,hindi,1999.0,1990s,117.454,0.071935,1007.207,Lata Mangeshkar
_083JRHa,Bheegi Bheegi Raaton Mein,"Lata Mangeshkar, Kishore Kumar",Ajanabee,hindi,1974.0,1970s,95.703,0.08451,1278.116,Lata Mangeshkar
pt8FTKZX,"Kya Yahi Pyar Hai (From ""Rocky"")","Lata Mangeshkar, Kishore Kumar, R.D. Burman",Rocky,hindi,2008.0,2000s,103.359,0.071917,2486.213,Lata Mangeshkar
N0_l_eGj,"Kya Yahi Pyar Hai (From ""Rocky"")","Lata Mangeshkar, Kishore Kumar, R.D. Burman",Rocky (Original Motion Picture Soundtrack / Remastered),hindi,2026.0,2020s,103.359,0.07815,2321.211,Lata Mangeshkar
erUf6A8D,"Kya Yahi Pyar Hai (From ""Rocky"")","Lata Mangeshkar, Kishore Kumar, R.D. Burman",Best of Kishore Da,hindi,2026.0,2020s,103.359,0.126747,2324.346,Lata Mangeshkar
JLGhq6Do,Chura Liya Hai Tumne Jo Dil Ko,"R.D. Burman, Asha Bhosle, Mohammed Rafi",Yaadon Ki Baaraat,hindi,1973.0,1970s,103.359,0.083731,2221.505,Mohammed Rafi
7l0NgsNo,Kya Hua Tera Vada,"Sushma Shrestha, Mohammed Rafi",Hum Kisise Kum Naheen,hindi,1977.0,1970s,129.199,0.160183,2361.13,Mohammed Rafi
a5d4-kXE,Abhi Na Jao Chhod Kar,"Asha Bhosle, Mohammed Rafi",Hum Dono,hindi,1961.0,pre-1970s,184.57,0.043687,1330.635,Mohammed Rafi
_15TygLd,Ye Dil Tum Bin Lagta Nahin,"Lata Mangeshkar, Mohammed Rafi",LP Classics - Original LP Recordings Vol. 5,hindi,2022.0,2020s,135.999,0.069864,2838.608,Mohammed Rafi
CO8ap6UM,"Likhe Jo Khat Tujhe (From ""Kanyadaan"")","Mohammed Rafi, Shankar-Jaikishan",TOY - Thinking Of You,hindi,2016.0,2010s,117.454,0.060075,1613.166,Mohammed Rafi
okYzDpZO,Likhe Jo Khat Tujhe,Mohammed Rafi,Kanyadaan,hindi,1968.0,pre-1970s,117.454,0.060109,1611.61,Mohammed Rafi
fEhsei2Z,"Gulabi Ankhen (From ""The Train"")","Mohammed Rafi, R.D. Burman",The Train,hindi,2008.0,2000s,107.666,0.188568,2091.036,Mohammed Rafi
YAuN9YMU,O Mere Sona Re Sona,"Asha Bhosle, Mohammed Rafi",Teesri Manzil,hindi,1966.0,pre-1970s,107.666,0.171784,1601.645,Mohammed Rafi
7Ts4ZWty,"Salamat Rahe Dostana Hamara (Part I) (From ""Dostana"")","Mohammed Rafi, Kishore Kumar",Dostana (Original Motion Picture Soundtrack / Remastered),hindi,2026.0,2020s,161.499,0.157988,2277.932,Mohammed Rafi
xoHjUEvx,"Salamat Rahe Dostana Hamara (Part I) (From ""Dostana"")","Mohammed Rafi, Kishore Kumar",Dostana,hindi,2009.0,2000s,161.499,0.171317,2246.065,Mohammed Rafi
8dm2y2Oq,Ek Pyar Ka Naghma Hai,"Lata Mangeshkar, Mukesh, Laxmikant - Pyarelal",Shor,hindi,1972.0,1970s,161.499,0.055804,1399.087,Mukesh
Eoay4KB1,Kya Khoob Lagti Ho,"Mukesh, Kanchan",Dharmatma,hindi,1975.0,1970s,129.199,0.140004,2105.88,Mukesh
Ghdas_pn,Kahin Door Jab Din Dhal Jaye,Mukesh,Anand,hindi,1971.0,1970s,86.133,0.118306,2317.386,Mukesh
qBUmvJTG,Main Pal Do Pal Ka Shair Hoon,Mukesh,Kabhi Kabhie,hindi,1976.0,1970s,129.199,0.081824,2176.336,Mukesh
q4U35Bfx,Kabhi Kabhi Mere Dil Mein (Duet),"Mukesh, Lata Mangeshkar",Kabhi Kabhie,hindi,1976.0,1970s,103.359,0.084888,1598.887,Mukesh
78qcDN-T,Chand Si Mehbooba Ho Meri,Mukesh,Himalay Ki God Mein,hindi,1965.0,pre-1970s,184.57,0.064635,1559.615,Mukesh
ua4MYOnf,Mehboob Mere Mehboob Mere,"Lata Mangeshkar, Mukesh",Patthar Ke Sanam,hindi,1967.0,pre-1970s,172.266,0.213186,1317.66,Mukesh
e5FtmS0R,Kisi Ki Muskurahaton Se,Shankar-Jaikishan,Anari,hindi,1975.0,1970s,135.999,0.065088,2097.765,Mukesh
FMxFn0EB,"Kisi Ki Muskurahaton Se (From ""Anari"")","Mukesh, Shankar-Jaikishan",Live,hindi,2016.0,2010s,135.999,0.065113,2097.836,Mukesh
yBkFAEw4,"Humko Tumse Ho Gaya Hai Pyar (From ""Amar Akbar Anthony"")","Kishore Kumar, Mohammed Rafi, Mukesh, Lata Mangeshkar",Amar Akbar Anthony,hindi,2009.0,2000s,184.57,0.148213,2275.217,Mukesh
N6U2W3xs,"Run Down The City - Monica (From ""Dhurandhar"")","Reble, Majrooh Sultanpuri, Shashwat Sachdev, Asha Bhosle, R.D. Burman","Run Down The City - Monica (From ""Dhurandhar"")",hindi,2025.0,2020s,135.999,0.338554,2192.645,Asha Bhosle
3dRWYsos,Run Down The City - Monica,"Reble, Majrooh Sultanpuri, Shashwat Sachdev, Asha Bhosle, R.D. Burman",Dhurandhar,hindi,2025.0,2020s,135.999,0.338554,2192.645,Asha Bhosle
X8Sw0ThZ,"Kehdoon Tumhen (From ""Deewaar"")","Kishore Kumar, Asha Bhosle, R.D. Burman",Best of Kishore Da,hindi,2026.0,2020s,135.999,0.234627,2046.952,Asha Bhosle
es0lE00r,Tumhari Nazron Mein Humne Dekha,"Nadeem-Shravan, Asha Bhosle, Kumar Sanu",Kal Ki Awaz,hindi,1992.0,1990s,57.422,0.067632,2598.873,Asha Bhosle
kX3PCPjX,Dil Mein Chhupa Loonga,"Meet Bros, Tulsi Kumar",Wajah Tum Ho,hindi,2016.0,2010s,161.499,0.202938,1608.717,R.D. Burman
C1Ll-EhU,"Soniyo (From ""RAAZ - The Mystery Continues"")","Raju Singh, Sonu Nigam, Shreya Ghoshal","I love you, 2",hindi,2011.0,2010s,80.75,0.128647,2436.971,Sonu Nigam
DIJljfXw,"Soniyo (From ""RAAZ - The Mystery Continues"")","Raju Singh, Sonu Nigam, Shreya Ghoshal",Perfect 10: Love Story,hindi,2014.0,2010s,80.75,0.127492,2452.158,Sonu Nigam
pkPP2DLn,Soniyo,"Raju Singh, Sonu Nigam, Shreya Ghoshal",RAAZ - The Mystery Continues,hindi,2008.0,2000s,80.75,0.129304,2462.485,Sonu Nigam
0ADFALmR,Soniyo,"Raju Singh, Sonu Nigam, Shreya Ghoshal",A Decade of Love,hindi,2010.0,2010s,80.75,0.127788,2456.922,Sonu Nigam
XF_fDU7l,Chori Kiya Re Jiya,"Sonu Nigam, Shreya Ghoshal",Dabangg,hindi,2010.0,2010s,89.103,0.149587,2501.9,Sonu Nigam
tK8LDnu-,Aisa Deewana,"Sonu Nigam, Alka Yagnik",Dil Maange More,hindi,2004.0,2000s,95.703,0.106313,2560.103,Sonu Nigam
KbqCvOn0,"Main Agar Kahoon (From ""Om Shanti Om"")","Sonu Nigam, Shreya Ghoshal",Shah Rukh Khan Romance & Rhythm,hindi,2025.0,2020s,143.555,0.086949,2254.382,Sonu Nigam
keGNxOoV,Main Agar Kahoon,"Vishal & Shekhar, Sonu Nigam, Shreya Ghoshal",Om Shanti Om,hindi,2007.0,2000s,143.555,0.086949,2254.382,Sonu Nigam
OSufxv6I,"Pardesiya (From ""Param Sundari"")","Sonu Nigam, Krishnakali Saha, Amitabh Bhattacharya, Sachin-Jigar",Param Sundari,hindi,2025.0,2020s,135.999,0.148635,1900.181,Sonu Nigam
oDsGgZrs,"Pardesiya (From ""Param Sundari"")","Sonu Nigam, Krishnakali Saha, Amitabh Bhattacharya, Sachin-Jigar","Danger (From ""Param Sundari"")",hindi,2025.0,2020s,135.999,0.148635,1900.181,Sonu Nigam
PTNX7k-6,Vaaroon Forever (From “Mirzapur The Movie”),"Anand Bhaskar, Romy, Shreya Ghoshal, Ginny Diwan",Vaaroon Forever (From “Mirzapur The Movie”),hindi,2026.0,2020s,151.999,0.139514,2541.903,Shreya Ghoshal
B6d7Dnf9,KALYANI (Remix),"ARJN, KDS, FIFTY4, Shreya Ghoshal",KALYANI (Remix),malayalam,2026.0,2020s,99.384,0.130461,1445.76,Shreya Ghoshal
DMoLdwJ7,Samjhawan,"Jawad Ahmad, Sharib Toshi, Arijit Singh, Shreya Ghoshal",Humpty Sharma Ki Dulhania,hindi,2014.0,2010s,107.666,0.042608,2581.582,Shreya Ghoshal
lm2hdWh5,Tumhare Liye,"Shreya Ghoshal, Wasif Ahmad, Sachin Urmtosh",Awarapan 2,hindi,2026.0,2020s,129.199,0.189566,1318.584,Shreya Ghoshal
-Y4hNkFa,"Tum Kya Mile - Pritam' s Version (From ""Rocky Aur Rani Kii Prem Kahaani"")","Amitabh Bhattacharya, Pritam, Arijit Singh, Shreya Ghoshal",Rocky Aur Rani Kii Prem Kahaani,hindi,2023.0,2020s,89.103,0.156685,1443.384,Shreya Ghoshal
HmNc7vXn,Teri Yaadon Mein,"KK, Shreya Ghoshal",The Killer,hindi,2006.0,2000s,103.359,0.118556,1891.282,Shreya Ghoshal
B2GqEs2g,Saiyaara Reprise - Female,"Tanishk Bagchi, Faheem Abdullah, Arslan Nizami, Shreya Ghoshal, Irshad Kamil",Saiyaara,hindi,2025.0,2020s,172.266,0.165248,1185.897,Shreya Ghoshal
cOTfVYmU,"Saiyaara Reprise - Female (From ""Saiyaara"")","Tanishk Bagchi, Faheem Abdullah, Arslan Nizami, Shreya Ghoshal, Irshad Kamil","Pyaar, Forever and Ever",hindi,2026.0,2020s,112.347,0.165729,1185.33,Shreya Ghoshal
UDR8ZxTv,"Labon Ko (From ""Bhool Bhulaiyaa"")","KK, Pritam, Sayeed Quadri",Romantic Hits Of K.K.,hindi,2025.0,2020s,107.666,0.186823,1602.383,KK
wja-5ysb,Labon Ko,"Pritam, KK",Bhool Bhulaiyaa,hindi,2007.0,2000s,107.666,0.186823,1602.383,KK
tEu-1E8r,Haan Tu Hain,"Pritam, KK, Sayeed Quadri",Jannat,hindi,2008.0,2000s,83.354,0.12877,1703.961,KK
R-bgOj0p,Haan Tu Hain,"Pritam, KK, Sayeed Quadri",A Decade of Love,hindi,2010.0,2010s,83.354,0.120145,1664.283,KK
9Sw3vfBz,Zara Sa,"Sayeed Quadri, Pritam, KK",A Decade of Love,hindi,2010.0,2010s,161.499,0.187203,2106.887,KK
s_bZsb1r,"Zara Sa (From ""Jannat"")","Sayeed Quadri, Pritam, KK",Perfect 10: Love Story,hindi,2014.0,2010s,161.499,0.153358,2035.509,KK
VQp1eXug,Zara Sa,"Sayeed Quadri, Pritam, KK",Jannat,hindi,2008.0,2000s,161.499,0.187944,2092.671,KK
kDO3uk2j,"Zara Sa (From ""Jannat"")","Pritam, KK, Sayeed Quadri","I love you, 2",hindi,2011.0,2010s,161.499,0.187944,2092.671,KK
z886W_aG,"Dil Ibaadat (From ""Tum Mile"")","Sayeed Quadri, Pritam, KK",Perfect 10: Love Story,hindi,2014.0,2010s,151.999,0.137031,1862.957,KK
no4U0SP0,Dil Ibaadat,"Pritam, KK, Sayeed Quadri",Tum Mile,hindi,2009.0,2000s,151.999,0.136328,1855.683,KK
FuATX2sL,"Chikiri Chikiri (From ""Peddi"") - Telugu","A.R. Rahman, Mohit Chauhan, Balaji","Chikiri Chikiri (From ""Peddi"") - Telugu",telugu,2025.0,2020s,117.454,0.145158,1875.289,Mohit Chauhan
oemj5iht,"Chikiri Chikiri (From ""Peddi"")","Mohit Chauhan, A.R. Rahman, Balaji",A.R. Rahman Tollywood Superhits,telugu,2026.0,2020s,117.454,0.145158,1875.289,Mohit Chauhan
Mgxz1bjy,"Chikiri Chikiri (From ""Peddi"")","Mohit Chauhan, A.R. Rahman, Balaji",Global Star  - Ram Charan Superhit Song Collection,telugu,2026.0,2020s,117.454,0.145158,1875.289,Mohit Chauhan
at_TozfN,"Chikiri Chikiri (From ""Peddi"")","Balaji, A.R. Rahman, Mohit Chauhan",World Music Day - Top 10 Telugu Superhits,telugu,2026.0,2020s,117.454,0.145158,1875.289,Mohit Chauhan
TBUTIsY-,Chikiri Chikiri,"Balaji, A.R. Rahman, Mohit Chauhan",Peddi - Telugu,telugu,2026.0,2020s,117.454,0.145158,1875.289,Mohit Chauhan
NmXwIEDt,"Chikiri Chikiri (From ""Peddi"")","Mohit Chauhan, A.R. Rahman, Balaji",Prema Kavithalu - 2026 Valentines Day Special,telugu,2026.0,2020s,117.454,0.145158,1875.289,Mohit Chauhan
zIPKC8PK,Tum Se Hi,"Pritam, Mohit Chauhan",Jab We Met,hindi,2007.0,2000s,129.199,0.112167,1923.006,Mohit Chauhan
6ltaX2li,Rang Lageya,"Mohit Chauhan, Rochak Kohli",Rang Lageya,hindi,2021.0,2020s,107.666,0.099844,1638.113,Mohit Chauhan
7gAvqCYP,"Bheegi Si Bhaagi Si (From ""Raajneeti"")","Pritam, Mohit Chauhan, Antara Mitra",Love,hindi,2014.0,2010s,89.103,0.135273,2012.396,Mohit Chauhan
MElzftLj,Bheegi Si Bhaagi Si,"Pritam, Mohit Chauhan, Antara Mitra",Raajneeti,hindi,2010.0,2010s,89.103,0.135273,2012.396,Mohit Chauhan
yZxYu9ei,"Darkhaast (From ""Shivaay"")","Sayeed Quadri, Mithoon, Sunidhi Chauhan, Arijit Singh",World Music Day - Best Of Bollywood Hits,hindi,2026.0,2020s,112.347,0.118264,1122.364,Sunidhi Chauhan
CdncOYcw,Darkhaast,"Mithoon, Arijit Singh, Sunidhi Chauhan",Shivaay,hindi,2016.0,2010s,112.347,0.11852,1217.357,Sunidhi Chauhan
uyQCSPUs,Tujhko (From “Cocktail 2”),"Arijit Singh, Sunidhi Chauhan, Amitabh Bhattacharya, Pritam",Jag Se Laaj (From “Cocktail 2”),hindi,2026.0,2020s,73.828,0.139372,931.526,Sunidhi Chauhan
Upl4T8IR,Tujhko (From “Cocktail 2”),"Arijit Singh, Sunidhi Chauhan, Amitabh Bhattacharya, Pritam",Leher (From “Cocktail 2”),hindi,2026.0,2020s,73.828,0.139322,932.498,Sunidhi Chauhan
qBwub3Eb,Tujhko (From “Cocktail 2”),"Arijit Singh, Sunidhi Chauhan, Amitabh Bhattacharya, Pritam",Tujhko (From “Cocktail 2”),hindi,2026.0,2020s,76.0,0.139463,929.512,Sunidhi Chauhan
SbQ3l7DW,Tujhko (From “Cocktail 2”),"Arijit Singh, Sunidhi Chauhan, Amitabh Bhattacharya, Pritam",Cocktail 2,hindi,2026.0,2020s,76.0,0.13935,931.925,Sunidhi Chauhan
9z1YKoCm,Tujhko (From “Cocktail 2”),"Arijit Singh, Sunidhi Chauhan, Amitabh Bhattacharya, Pritam",VALLAH (From “Cocktail 2”),hindi,2026.0,2020s,73.828,0.139391,931.617,Sunidhi Chauhan
8kQ4fImF,"Sajde (From ""Khatta Meetha"")","KK, Sunidhi Chauhan, Pritam, Irshad Kamil",Romantic Hits Of K.K.,hindi,2025.0,2020s,89.103,0.070111,1581.508,Sunidhi Chauhan
L1XUkf-V,Sajde,"Pritam, KK, Sunidhi Chauhan",Khatta Meetha,hindi,2010.0,2010s,89.103,0.070111,1581.508,Sunidhi Chauhan
BQfygJpk,Lae Dooba,"Manoj Muntashir, Rochak Kohli, Sunidhi Chauhan",World Music Day 2026,hindi,2026.0,2020s,172.266,0.179032,2233.453,Sunidhi Chauhan
-vNMHZD1,Pehli Pehli Baar Mohabbat Ki Hai,"Kumar Sanu, Alka Yagnik",Sirf Tum,hindi,1999.0,1990s,107.666,0.127966,1805.14,Alka Yagnik
t4uQLt6v,"Pehli Pehli Baar Mohabbat Ki Hai (From ""Sirf Tum"")","Sameer, Super Cassettes Industries Private Limited, Kumar Sanu, Alka Yagnik",Bollywood Classic Hits,hindi,2026.0,2020s,107.666,0.079269,1823.532,Alka Yagnik
TC5PSqsJ,Chura Ke Dil Mera,"Kumar Sanu, Alka Yagnik",Main Khiladi Tu Anari (Original Motion Picture Soundtrack),hindi,1994.0,1990s,129.199,0.104932,3048.581,Alka Yagnik
zx_40h2p,Chura Ke Dil Mera,"Kumar Sanu, Alka Yagnik",East Aur West Anu Is the Best,hindi,2021.0,2020s,129.199,0.071713,3158.999,Alka Yagnik
EwaVRyUv,Chura Ke Dil Mera,"Kumar Sanu, Alka Yagnik",Main Khiladi Tu Anari (With Jhankar Beats),hindi,2024.0,2020s,129.199,0.071688,3159.387,Alka Yagnik
sTsu7vAH,"Chura Ke Dil Mera (From ""Main Khiladi Tu Anari"")","Kumar Sanu, Alka Yagnik",Bollywood Queens,hindi,2016.0,2010s,129.199,0.071713,3158.999,Alka Yagnik
0-AGGoN-,Kitni Bechain Hoke,Nadeem-Shravan,Kasoor,hindi,2001.0,2000s,143.555,0.092278,2525.045,Alka Yagnik
zjLBztGK,Rab Kare,"Udit Narayan, Alka Yagnik",Mujhse Shaadi Karogi,hindi,2004.0,2000s,172.266,0.216089,2022.139,Alka Yagnik
N9MGwsXy,Dil Mera Tod Diya,Nadeem-Shravan,Kasoor,hindi,2001.0,2000s,107.666,0.10464,2660.818,Alka Yagnik
wGhGhyVh,"Dil Ne Yeh Kaha Hain Dil Se (From ""Dhadkan"")","Udit Narayan, Alka Yagnik, Kumar Sanu",Director Special Dharmesh Darshan Hits,hindi,2021.0,2020s,107.666,0.077424,2196.768,Kumar Sanu
EfsTgKZD,Dil Ne Yeh Kaha Hain Dil Se,"Udit Narayan, Alka Yagnik, Kumar Sanu",Dhadkan,hindi,2000.0,2000s,107.666,0.070968,2249.502,Kumar Sanu
1pxpgV6l,"Dil Ne Yeh Kaha Hain Dil Se (From ""Dhadkan"")","Udit Narayan, Alka Yagnik, Kumar Sanu",Sunil Shetty - 12 Superhit Songs,hindi,2017.0,2010s,107.666,0.071047,2207.288,Kumar Sanu
pjW5k4WI,Tu Pyar Hai Kisi Aur Ka,"Anuradha Paudwal, Kumar Sanu",Dil Hai Ke Manta Nahin,hindi,1991.0,1990s,95.703,0.182636,2676.785,Kumar Sanu
tSEDuO-H,"Hum Pyaar Karne Wale (From ""Dhurandhar The Revenge"")","Shashwat Sachdev, Qveen Herby, Anuradha Paudwal, Udit Narayan, Anand-Milind, Sameer Anjaan","Hum Pyaar Karne Wale (From ""Dhurandhar The Revenge"")",hindi,2026.0,2020s,123.047,0.24849,2117.925,Udit Narayan
rUdRvpaE,Hum Pyaar Karne Wale,"Qveen Herby, Sameer Anjaan, Shashwat Sachdev, Anand-Milind, Anuradha Paudwal, Udit Narayan",Dhurandhar The Revenge,hindi,2026.0,2020s,123.047,0.24849,2117.925,Udit Narayan
aq84a-Ge,Main Yahaan Hoon,"Madan Mohan, Udit Narayan, Javed Akhtar",Veer-Zaara,hindi,2004.0,2000s,172.266,0.119725,1423.027,Udit Narayan
4LPjmU5w,"Main Yahaan Hoon (From ""Veer - Zaara"")","Madan Mohan, Udit Narayan, Javed Akhtar","Pyaar, Forever and Ever",hindi,2026.0,2020s,184.57,0.119658,1376.644,Udit Narayan
cR6wf-1j,Jaan Nisaar (Arijit),Arijit Singh,Morning Bliss,hindi,2026.0,2020s,92.285,0.188684,1028.973,Amit Trivedi
nema-H_E,Jaan Nisaar (Arijit),Arijit Singh,Arijit Singh 1 AM Mix,hindi,2026.0,2020s,92.285,0.188684,1028.973,Amit Trivedi
GMOnq2Nn,Jaan Nisaar (Arijit),Arijit Singh,Late Night Bollywood Sad Songs,hindi,2026.0,2020s,92.285,0.188684,1028.973,Amit Trivedi
hrTlP-H2,Jaan ‘Nisaar (Arijit),Arijit Singh,Kedarnath,hindi,2019.0,2010s,92.285,0.188889,1025.119,Amit Trivedi
5PZZxriv,Jaan Nisaar (Arijit),Arijit Singh,Arijit Singh Bollywood Hits,hindi,2026.0,2020s,92.285,0.188684,1028.973,Amit Trivedi
g5Km5DRg,Jaan Nisaar (Arijit),Arijit Singh,Amit Trivedi Hits,hindi,2026.0,2020s,92.285,0.188684,1028.973,Amit Trivedi
jdEhkRVr,Jaan Nisaar (Arijit),Arijit Singh,Soft Romance Bollywood,hindi,2026.0,2020s,92.285,0.188684,1028.973,Amit Trivedi
EN0dT4B0,Namo Namo,Amit Trivedi,Best Of Shravan,hindi,2026.0,2020s,117.454,0.089467,2176.948,Amit Trivedi
BE2nq7JH,Namo Namo,Amit Trivedi,Kedarnath,hindi,2019.0,2010s,117.454,0.089603,2174.164,Amit Trivedi
xkKvYGed,Namo Namo,Amit Trivedi,Divine Melodies,hindi,2026.0,2020s,117.454,0.089467,2176.948,Amit Trivedi
LYBC0vEH,"Tera Mera Rishta -  New Version (From ""Awarapan 2"")","Mithoon, Pritam, Sayeed Quadri, Saaj Bhatt, Subodhh Sharma","Tera Mera Rishta - New Version (From ""Awarapan 2"")",hindi,2026.0,2020s,161.499,0.101515,1007.377,Pritam
wfTj8NYC,Tera Mera Rishta - New Version,"Mithoon, Pritam, Sayeed Quadri, Saaj Bhatt, Subodhh Sharma",Awarapan 2,hindi,2026.0,2020s,129.199,0.101529,1009.168,Pritam
O-yuENv8,Toh Phir Aao - New Version,"Mithoon, Pritam, Sayeed Quadri, Subodhh Sharma",Awarapan 2,hindi,2026.0,2020s,215.332,0.082225,1042.561,Pritam
LesJn5NA,"Chaiyya Chaiyya (From ""Dil Se"")","Sukhwinder Singh, Sapna Awasthi",A.R. Rahman Forever,hindi,2016.0,2010s,107.666,0.026696,2174.261,A.R. Rahman Hindi
P4sKu6aL,Tere Bina,"A.R. Rahman, Murtuza Khan, Chinmayi, Qadir Khan",A Decade of Love,hindi,2010.0,2010s,143.555,0.127353,1900.381,A.R. Rahman Hindi
tPy3xtdE,Dil Se Re,"A R Rahman, Anuradha, Anupama",A.R. Rahman Forever,hindi,2016.0,2010s,107.666,0.116604,1633.515,A.R. Rahman Hindi
SH2T3VSx,"Chaiyya Chaiyya (From ""Dil Se"")","Sukhwinder Singh, Sapna Awasthi",A.R. Rahman the Music Maestro of Bollywood,hindi,2016.0,2010s,107.666,0.026696,2174.261,A.R. Rahman Hindi
VZP4SVVb,"Dil Se Re (From ""Dil Se"")","A R Rahman, Anuradha, Anupama",A.R. Rahman the Music Maestro of Bollywood,hindi,2016.0,2010s,107.666,0.116604,1633.515,A.R. Rahman Hindi
fTyxjlWj,Tere Bina,"A.R. Rahman, Murtuza Khan, Chinmayi, Qadir Khan",Perfect 10: AR Rahman - The Spirit of Music,hindi,2012.0,2010s,143.555,0.117736,1994.896,A.R. Rahman Hindi
M0uZDd0S,O Paalanhaare,"A.R. Rahman, Lata Mangeshkar, Udit Narayan",Perfect 10: AR Rahman - The Spirit of Music,hindi,2012.0,2010s,161.499,0.032369,1490.075,A.R. Rahman Hindi
mE98N3nv,Paathshala - Be a Rebel,"A.R. Rahman, Blaaze, Naresh Iyer, Mohammed Aslam",Rang De Basanti,hindi,2005.0,2000s,143.555,0.101354,3184.405,A.R. Rahman Hindi
TNMrS5rG,O Rey Chhori,"A.R. Rahman, Udit Narayan, Alka Yagnik, Vasundhara Das",A Decade of Love,hindi,2010.0,2010s,89.103,0.098496,1935.524,A.R. Rahman Hindi
T7VswxQ-,"Jiya Jale (From ""Dil Se"")","Lata Mangeshkar, M.G. Sreekumar",A.R. Rahman Forever,hindi,2016.0,2010s,143.555,0.047707,3514.378,A.R. Rahman Hindi
6Ou9hihz,Retro Mashup,"Anurag, Abhishek, Deepshika",Retro Mashup,hindi,2019.0,2010s,143.555,0.12167,2085.42,Bollywood Retro
YHlktRck,Gulabi Retro Mix,Sonu Nigam,Gulabi Retro Mix,hindi,2017.0,2010s,112.347,0.196729,2384.242,Bollywood Retro
zYirYjvT,Pehle Bhi Main Retro Version,"Anshuman Sharma, Vishal Mishra, Raj Shekhar, Aditya Kalway",Pehle Bhi Main Retro Version,hindi,2024.0,2020s,172.266,0.338678,1804.716,Bollywood Retro
qrgpqU9X,Saiyaara Tu To (Retro Version),SAF ASLAM,Saiyaara Tu To (Retro Version),hindi,2026.0,2020s,172.266,0.095858,2853.092,Bollywood Retro
Zwrg5Kc3,Retro,Rdfouram,"Dunes,Desert & Dreams",hindi,2025.0,2020s,129.199,0.108076,1645.667,Bollywood Retro
suEtp-tT,Retro,Raja Tyagi,Shayar ( EP ),hindi,2025.0,2020s,129.199,0.09206,1905.405,Bollywood Retro
S4iXkHyR,Retro,"Rough Soul, Sanxd",Ehsaas,hindi,2022.0,2020s,63.024,0.249706,1522.106,Bollywood Retro
s0a3GEPA,Retro,Kaushik,Retro,hindi,2025.0,2020s,123.047,0.193223,1523.715,Bollywood Retro
OpbVdp2n,Kya Khoob Lagti Ho - Jhankar Beats,"DJ Harshit Shah, Mukesh, Kanchan",Retro Mix Jhankar,hindi,2023.0,2020s,66.256,0.187645,2460.651,Bollywood Retro
4oyAZeFb,Ankhiyon Ke Jharokhon Se,Deepshikha Raina,Retro Cool Vol. 2,hindi,2020.0,2020s,151.999,0.192567,1882.439,Bollywood Retro
HraT8uQL,Romantic Mashup,"Raj Barman, Anwesshaa Dattagupta",Romantic Mashup,hindi,2018.0,2010s,135.999,0.157565,1984.127,Romantic Hindi
IMHJrfDh,Ishq de Fanniyar - Female,"Jyotica Tangri, Shaarib Toshi, Kumaar",Bollywood Top Romantic Hits,hindi,2026.0,2020s,112.347,0.241046,1950.947,Romantic Hindi
DVG8mEm1,Apna Bana Le,"Sachin-Jigar, Arijit Singh, Amitabh Bhattacharya",Bollywood Top Romantic Hits,hindi,2026.0,2020s,92.285,0.120289,1238.293,Romantic Hindi
1K9IsVVU,Muskurane (Romantic),"Jeet Gannguli, Arijit Singh, Rashmi-Virag",Citylights,hindi,2014.0,2010s,103.359,0.073404,1932.927,Romantic Hindi
oqSP8nSu,Zaalima,"Arijit Singh, Harshdeep Kaur",Romantic Classics Hits,hindi,2026.0,2020s,184.57,0.143906,1581.989,Romantic Hindi
gt5R4NKo,Zaalima,"Arijit Singh, Harshdeep Kaur",Bollywood Top Romantic Hits,hindi,2026.0,2020s,184.57,0.143906,1581.989,Romantic Hindi
0tJQw5hX,"Kya Mujhe Pyar Hai (From ""Woh Lamhe"")","KK, Pritam, Neelesh Misra",Romantic Hits Of K.K.,hindi,2025.0,2020s,117.454,0.135646,2060.456,Romantic Hindi
mVfBFdzi,Lungi Dance,Yo Yo Honey Singh,Lungi Dance,hindi,2013.0,2010s,161.499,0.142851,2950.494,Bollywood Dance
iYUQNu7r,Lungi Dance,Yo Yo Honey Singh,Chennai Express,hindi,2013.0,2010s,161.499,0.13602,2668.677,Bollywood Dance
qOsPYZbc,Dance Pe Chance,"Salim-Sulaiman, Sunidhi Chauhan, Labh Janjua, Jaideep Sahni",Rab Ne Bana Di Jodi,hindi,2008.0,2000s,129.199,0.194021,1954.644,Bollywood Dance
Fi5DtLzb,Dance Pe Chance,"Salim-Sulaiman, Sunidhi Chauhan, Labh Janjua",Dance Pe Chance,hindi,2009.0,2000s,129.199,0.193681,1911.711,Bollywood Dance
48RbOmwr,Dance Basanti,"Sachin-Jigar, Vishal Dadlani, Anushka Manchanda",Ungli,hindi,2014.0,2010s,103.359,0.16103,1811.073,Bollywood Dance
a782ndqh,Apna Bana Le,"Amitabh Bhattacharya, Sachin-Jigar, Arijit Singh",Dil Se Dance,hindi,2026.0,2020s,92.285,0.120289,1238.293,Bollywood Dance
9JfbU9Np,Zaalima,"Arijit Singh, Harshdeep Kaur",Dil Se Dance,hindi,2026.0,2020s,184.57,0.143906,1581.989,Bollywood Dance
2dfLPss6,Nagin Dance,"Jaidev Kumar, Anmol Malik",Bajatey Raho,hindi,2025.0,2020s,135.999,0.220551,3003.351,Bollywood Dance
IpFsfoBC,Dance Ka Bhoot,"Pritam, Arijit Singh, Amitabh Bhattacharya",Brahmastra,hindi,2022.0,2020s,135.999,0.208476,1717.468,Bollywood Dance
pPynuh91,Dance Meri Rani,"Guru Randhawa, Tanishk Bagchi, Zahrah S Khan",Dance Meri Rani (feat. Nora Fatehi),hindi,2021.0,2020s,107.666,0.128335,2080.691,Bollywood Dance
VuKT5NQ6,Sadi Gali,Lehmber Hussainpuri,Tanu Weds Manu,hindi,2011.0,2010s,129.199,0.321406,2179.51,Sad Hindi Songs
SZ5EQFcV,Sadka,"Vishal & Shekhar, Suraj Jagan, Mahalakshmi Iyer",I Hate Luv Storys,hindi,2010.0,2010s,143.555,0.121274,2349.843,Sad Hindi Songs
XHFrDFU3,Sad Gaana,"Bali, AN1K8T",Kala Khatta,hindi,2025.0,2020s,99.384,0.15388,2097.668,Sad Hindi Songs
WX_lKWCa,Sadda Dil Vi Tu (Ga Ga Ga Ganpati) (Ganpati 2026),"Sachin-Jigar, Hard Kaur, Mayur Puri",ABCD - Any Body Can Dance,hindi,2015.0,2010s,143.555,0.035825,3239.807,Sad Hindi Songs
gyZBnBSJ,Phir Bhi Tumko Chaahunga,"Manoj Muntashir, Mithoon, Arijit Singh, Shashaa Tirupati",Late Night Bollywood Sad Songs,hindi,2026.0,2020s,99.384,0.111171,1468.672,Sad Hindi Songs
XXxuYXBd,SADAK 2.0,"Emiway Bantai, Token",SADAK 2.0,hindi,2026.0,2020s,129.199,0.212438,3192.977,Sad Hindi Songs
-19W0qwT,Jitni Dafa,"Rashmi-Virag, Jeet Gannguli, Yasser Desai",Sad Bollywood Playlist,hindi,2026.0,2020s,95.703,0.157332,1466.1,Sad Hindi Songs
Jf4QKZoW,Sun Saathiya,"Sachin-Jigar, Priya Saraiya, Divya Kumar",Romantic Sad Songs,hindi,2026.0,2020s,143.555,0.127131,1673.546,Sad Hindi Songs
kj-rNRSR,Sadda Move,"Diljit Dosanjh, Pardeep Singh Sran, Raftaar",Raabta,hindi,2017.0,2010s,99.384,0.160435,2560.35,Sad Hindi Songs
7CwLvXc6,Shree Hanuman Chalisa,"Hariharan, Lalit Sen, Chander, Traditional",Shree Hanuman Chalisa (Hanuman Ashtak),hindi,1992.0,1990s,99.384,0.226137,1779.967,90s Bollywood
9cCPZgWV,Dilbar Dilbar,Alka Yagnik,Sirf Tum,hindi,1999.0,1990s,103.359,0.193021,2633.474,90s Bollywood
r_Bx8bxm,Dilbar Dilbar (Remix),Alka Yagnik,Dilbar Remix,hindi,1999.0,1990s,103.359,0.078506,2250.91,90s Bollywood
JD_f27bq,Tu Meri Zindagi Hai,"Anuradha Paudwal, Kumar Sanu",Aashiqui: Super Jhankar Beat,hindi,1993.0,1990s,129.199,0.108103,2018.373,90s Bollywood
BBLYc4mS,Mera Dil Bhi Kitna Pagal Hai,"Kumar Sanu, S. P. Balasubrahmanyam, Alka Yagnik",Saajan,hindi,1991.0,1990s,198.768,0.109007,3123.378,90s Bollywood
OGdwSivz,Dil Kehta Hai,"Anu Malik, Alka Yagnik, Kumar Sanu",Akele Hum Akele Tum,hindi,1995.0,1990s,103.359,0.078187,2895.789,90s Bollywood
FC63n6XV,Kya Mujhe Pyar Hai,"Pritam, KK",Woh Lamhe,hindi,2006.0,2000s,117.454,0.135646,2060.456,2000s Bollywood
DmFM4XiZ,Guzarish,Javed Ali,Ghajini,hindi,2008.0,2000s,172.266,0.167205,1627.73,2000s Bollywood
WiLFvhYp,Tu Hi Haqeeqat,"Pritam, Javed Ali, Irshan Ashraf, Shadab, Sayeed Quadri",Tum Mile,hindi,2009.0,2000s,117.454,0.140164,1477.483,2000s Bollywood
6EJDhnq4,Maahi,"Sharib Toshi, Sayeed Quadri",RAAZ - The Mystery Continues,hindi,2008.0,2000s,151.999,0.06834,1607.586,2000s Bollywood
0sDPyOf8,Divine,"Bir, Dhanju, Daaku",Divine,punjabi,2026.0,2020s,99.384,0.164987,2394.711,DIVINE
7XS4RC0O,"Hanuman Chalisa (From ""Hanuman Chalisa - Zee Music Devotional"")","Anup Jalota, Sanjeev-Ajay",Divine Melodies,hindi,2026.0,2020s,92.285,0.193863,2151.629,DIVINE
_3FV2EIy,"Divine Flute (From ""Radhakrishn"")",Surya Raj Kamal,"Divine Flute (From ""Radhakrishn"")",hindi,2023.0,2020s,103.359,0.124505,1735.09,DIVINE
8vtfrEkf,Divine,Veer Sandhu,Divine,punjabi,2025.0,2020s,92.285,0.153881,2219.754,DIVINE
GUYdHvlZ,Achyutam Keshavam Krishna Damodaram,"Pratiksha Vashishtha, Amjad Nadeem Aamir",Divine Melodies,hindi,2026.0,2020s,92.285,0.16136,2482.82,DIVINE
kVSgL0kv,"Shiva Shiva Shankaraa (From ""Kannappa"")","Vijay Prakash, Stephen Devassy, Ramajogayya Sastry",Tollywood Divine & Spiritual Melodies,telugu,2026.0,2020s,112.347,0.116253,1694.652,DIVINE
3qpP_ufL,Divinelu Sthothrarhuda,Hosanna Ministries Official,Vijaya Seeluda,telugu,2025.0,2020s,161.499,0.126069,1866.747,DIVINE
iVNy_Hxl,Jay-Jaykara,"Kailash Kher, Manoj Muntashir",Divine Melodies,hindi,2026.0,2020s,184.57,0.147885,1595.451,DIVINE
QSuDh4VG,Dr. DIVINE,DIVINE,Walking on Water,hindi,2025.0,2020s,95.703,0.192552,2405.746,DIVINE
M4t__2Pc,Hola Amigo,"Umair, KR$NA, Seedhe Maut",FAR FROM OVER,hindi,2023.0,2020s,143.555,0.251107,2056.302,Seedhe Maut
7KVWpEc5,Raat Ki Rani,Seedhe Maut,SHAKTI,hindi,2024.0,2020s,151.999,0.103557,2061.512,Seedhe Maut
RmwJIxPc,Naksha,Seedhe Maut,SHAKTI,hindi,2024.0,2020s,76.0,0.114395,1583.023,Seedhe Maut
AuenB64o,Chalo Chalein,Ritviz,Chalo Chalein,hindi,2021.0,2020s,151.999,0.200177,1684.175,Seedhe Maut
exKXcJ61,Chalo Chalein,Ritviz,Dev,hindi,2021.0,2020s,151.999,0.200177,1684.175,Seedhe Maut
qJGvn7dc,Bajenge,"Badshah, Seedhe Maut",Ek Tha Raja,hindi,2024.0,2020s,143.555,0.371674,1794.303,Seedhe Maut
2FbSY1RN,Soyi Nahi,Seedhe Maut,SHAKTI,hindi,2024.0,2020s,86.133,0.153196,1598.837,Seedhe Maut
xY2F2yWT,Khush Nahi,Seedhe Maut,SHAKTI,hindi,2024.0,2020s,161.499,0.126685,1489.795,Seedhe Maut
aNpnSkHs,MUDDA,"YUNG SAMMY, Wamp",MUDDA,hindi,2025.0,2020s,143.555,0.264466,2097.256,Seedhe Maut
u5EiBKnA,Bhussi,"KSHMR, Seedhe Maut, Karan Kanchan",KARAM,hindi,2023.0,2020s,117.454,0.226865,2854.655,Seedhe Maut
x8gA2kXk,Boom Shaka,"Dhanda Nyoliwala, KR$NA",Boom Shaka,hindi,2026.0,2020s,129.199,0.261111,2384.505,KR$NA
JB4gSBjX,I Guess,KR$NA,I Guess,hindi,2022.0,2020s,135.999,0.213997,2182.046,KR$NA
74yMAf3h,Joota Japani,"KR$NA, Mukesh",Joota Japani,hindi,2024.0,2020s,129.199,0.231079,2338.719,KR$NA
Sp3usdZ7,No Cap,KR$NA,No Cap,hindi,2021.0,2020s,117.454,0.134887,1874.946,KR$NA
0UFMRHyn,Woh Raat,"Raftaar, KR$NA",Woh Raat,hindi,2023.0,2020s,71.777,0.181446,2782.406,KR$NA
3f80KEPr,Legacy Anthem,"KR$NA, Raftaar, DRJ Sohail",Legacy Anthem,hindi,2026.0,2020s,99.384,0.357018,2669.335,KR$NA
8-6eSkSl,Hola At Your Boy,"Badshah, KR$NA, Prajina",Ek Tha Raja,hindi,2024.0,2020s,129.199,0.322502,2646.653,KR$NA
OgxnEGfe,Machayenge 4,KR$NA,Machayenge 4,hindi,2022.0,2020s,123.047,0.126028,2506.023,KR$NA
FuRDRYeo,Saza-E-Maut,"Raftaar, KR$NA",Still Here,hindi,2021.0,2020s,143.555,0.081048,2346.123,KR$NA
vuj2YdTs,Ghana Kasoota,"Raftaar, Avvy Sra, Rashmeet Kaur",Ghana Kasoota,hindi,2021.0,2020s,135.999,0.160422,2501.592,Raftaar
GoPTQ8dT,Bandook Meri Laila,"Sachin-Jigar, Jigar Saraiya, Sidharth Malhotra, Ash King",A Gentleman,hindi,2017.0,2010s,99.384,0.12329,1757.649,Raftaar
7Axkvm6m,All Black,"Raftaar, Sukh-E Muzical Doctorz",All Black,punjabi,2015.0,2010s,107.666,0.239152,2272.612,Raftaar
Uh5-UClB,Haseeno Ka Deewana,"Raftaar, Payal Dev",Kaabil,hindi,2016.0,2010s,135.999,0.199698,2849.369,Raftaar
2K_AEJ1U,Dhaakad,"Pritam, Raftaar",Josh High. Game On - Bollywood Energy,hindi,2026.0,2020s,107.666,0.116529,2522.68,Raftaar
8YErAKZe,Dhaakad,"Pritam, Raftaar",Pritam Non Stop Hits,hindi,2026.0,2020s,107.666,0.116529,2522.68,Raftaar
4CWp-oO2,Dhaakad,"Pritam, Raftaar",Bollywood Power Mix,hindi,2026.0,2020s,107.666,0.116529,2522.68,Raftaar
hQx3hMlB,Dhaakad,"Pritam, Raftaar",Dangal,hindi,2016.0,2010s,107.666,0.116541,2547.868,Raftaar
iAzMHB8K,Dhaakad,"Pritam, Raftaar",Gym Motivation,hindi,2026.0,2020s,107.666,0.116529,2522.68,Raftaar
ft-N60xL,Baby Marvake Maanegi,Raftaar,Party Starters,hindi,2026.0,2020s,117.454,0.196933,2347.165,Raftaar
AiaEw6j1,Inaam,"Jasleen Royal, Badshah, Ansh Chahal",Inaam,hindi,2026.0,2020s,129.199,0.156434,1427.939,Badshah
WhyrAvut,Ban Ja Tu,"Charan Preet, Badshah",Ban Ja Tu,hindi,2026.0,2020s,112.347,0.200573,1154.574,Badshah
Bn40e0AE,Kala Chashma,"Amar Arshi, Badshah, Neha Kakkar, Indeep Bakshi, Prem & Hardeep, Kumaar",Next On Repeat,hindi,2026.0,2020s,107.666,0.181493,3233.606,Badshah
PnjmLYMa,Kala Chashma,"Kumaar, Badshah, Prem & Hardeep, Amar Arshi, Neha Kakkar, Indeep Bakshi",Bollywood Dance Dhamaka,hindi,2026.0,2020s,107.666,0.181493,3233.606,Badshah
FAURMcDh,Kala Chashma,"Kumaar, Badshah, Prem & Hardeep, Amar Arshi, Neha Kakkar, Indeep Bakshi",Dance Vibes Only,hindi,2026.0,2020s,107.666,0.181493,3233.606,Badshah
xJqEys5T,Kala Chashma,"Amar Arshi, Badshah, Neha Kakkar, Indeep Bakshi, Prem & Hardeep, Kumaar",Full Volume Bollywood,hindi,2026.0,2020s,107.666,0.181493,3233.606,Badshah
XoD89xu2,Kala Chashma,"Kumaar, Amar Arshi, Badshah, Neha Kakkar, Indeep Bakshi, Prem & Hardeep",The Bollywood Wedding Collection,hindi,2025.0,2020s,107.666,0.181493,3233.606,Badshah
Kz2I7VdV,Kala Chashma,"Kumaar, Badshah, Prem & Hardeep, Amar Arshi, Neha Kakkar, Indeep Bakshi",GRWM Vibes,hindi,2026.0,2020s,107.666,0.181493,3233.606,Badshah
KWate4rL,Kala Chashma,"Amar Arshi, Badshah, Neha Kakkar, Indeep Bakshi, Prem & Hardeep, Kumaar",Bollywood Through The Years,hindi,2026.0,2020s,107.666,0.181493,3233.606,Badshah
lZRBhcQ4,Kala Chashma,"Kumaar, Amar Arshi, Badshah, Neha Kakkar, Indeep Bakshi, Prem & Hardeep",New Year Dance Dhamaka 2025,hindi,2025.0,2020s,107.666,0.181493,3233.606,Badshah
l2lTek0W,BAAZIGER X MC STAN X DIVINE,Shakkarrr,BAAZIGER X MC STAN X DIVINE,hindi,2023.0,2020s,143.555,0.139894,2687.192,MC Stan
ZVIJFX7K,MC Stan Dialogues Mix,DJ SMR,MC Stan Dialogues Mix,hindi,2023.0,2020s,151.999,0.289535,2801.013,MC Stan
rQOB-74t,Mc Stan (Blood walk x Trippin Dj Av),Dj Avinash Av Hyd,Mc Stan (Blood walk x Trippin Dj Av),hindi,2021.0,2020s,215.332,0.389116,1109.691,MC Stan
id2gRF_H,Ek Din Pyaar (Tadipaar),MC STAN,Ek Din Pyaar (Tadipaar),hindi,2020.0,2020s,99.384,0.178336,2071.44,MC Stan
t5wE_zHK,Trippin (feat. MC STAN & MC THC),2oo6ix,Trippin (feat. MC STAN & MC THC),hindi,2021.0,2020s,99.384,0.220045,1611.866,MC Stan
LJ6NMuad,Basti Ka Hasti,MC STAN,Insaan,hindi,2022.0,2020s,135.999,0.210824,1967.311,MC Stan
AazLqHFK,Urvashi,"Ikka, MC STAN, Sanjoy",Urvashi,hindi,2023.0,2020s,69.837,0.210965,1835.687,MC Stan
3PtGUf9H,Haath Varthi,"MC STAN, KSHMR, Phenom",Haath Varthi,hindi,2023.0,2020s,135.999,0.216984,2689.517,MC Stan
J6kaZBvJ,Haath Varthi,"MC STAN, KSHMR, Phenom",KARAM,hindi,2023.0,2020s,135.999,0.216984,2689.517,MC Stan
v5TW_Whm,Drinks On Me,"Badshah, MC STAN",Ek Tha Raja,hindi,2024.0,2020s,99.384,0.219294,2665.722,MC Stan
Zq_BJner,Company,Emiway Bantai,King Of The Streets,hindi,2023.0,2020s,135.999,0.311377,2939.473,Emiway Bantai
ausHvWLA,Firse Machayenge,Emiway Bantai,Firse Machayenge,hindi,2020.0,2020s,135.999,0.173981,3062.845,Emiway Bantai
DKUPhv0l,Machayenge,Emiway Bantai,Machayenge,hindi,2019.0,2010s,143.555,0.077436,2918.996,Emiway Bantai
T1QR6Kqj,Dubai Company,Emiway Bantai,Dubai Company,hindi,2025.0,2020s,112.347,0.199509,2764.9,Emiway Bantai
cuzpdIWb,SAFAL (Red Bull 64 Bars),"Emiway Bantai, MEMAX",SAFAL (Red Bull 64 Bars),hindi,2026.0,2020s,143.555,0.175653,3619.157,Emiway Bantai
G-UZbZdf,Paisa Paisa,Emiway Bantai,Paisa Paisa,hindi,2025.0,2020s,129.199,0.178466,2202.671,Emiway Bantai
qVfQXWlB,Dubai Company,Emiway Bantai,FTSTTS,hindi,2025.0,2020s,112.347,0.199322,2762.847,Emiway Bantai
RYlT0caP,Badshah,"Emiway Bantai, Abhijeet",Badshah,hindi,2025.0,2020s,129.199,0.174618,2239.539,Emiway Bantai
URnyv-O-,Paisa Paisa,Emiway Bantai,Bajis,hindi,2025.0,2020s,129.199,0.178373,2204.545,Emiway Bantai
-TtwbIQ4,STILL NUMBER 1,Emiway Bantai,STILL NUMBER 1,hindi,2023.0,2020s,135.999,0.180246,2570.599,Emiway Bantai
PxETWnn6,Kalaastar,"Gill Machhrai, Rony Ajnali, Yo Yo Honey Singh",Desi Hip-Hop Vibes,hindi,2026.0,2020s,95.703,0.243296,2631.054,Desi Hip Hop
ALNJUHgL,Azadi,"DIVINE, Dub Sharma",Desi Hip-Hop Vibes,hindi,2026.0,2020s,99.384,0.121176,1684.617,Desi Hip Hop
bi6jG2Pe,Apna Time Aayega,"Ranveer Singh, DIVINE, Dub Sharma",Desi Hip-Hop Vibes,hindi,2026.0,2020s,95.703,0.117597,1944.194,Desi Hip Hop
QaZGianM,Kuley Kuley,"Rony Ajnali, Gill Machhrai, Apache Indian, Yo Yo Honey Singh",Desi Hip-Hop Vibes,hindi,2026.0,2020s,161.499,0.233519,2243.187,Desi Hip Hop
NwZx9iKu,Sher Aaya Sher,"DIVINE, Major C",Desi Hip-Hop Vibes,hindi,2026.0,2020s,103.359,0.236175,1903.358,Desi Hip Hop
qewCM1uN,Mere Gully Mein,"Ranveer Singh, Naezy, DIVINE, Sez on the Beat",Desi Hip-Hop Vibes,hindi,2026.0,2020s,107.666,0.049018,2728.804,Desi Hip Hop
pZDIgqBD,Marji Cha Maalik,"Shreyas, Jakes Bejoy",Desi Hip-Hop Vibes,hindi,2026.0,2020s,103.359,0.208743,1878.35,Desi Hip Hop
gw3paGQC,Dheeth,"Gill Machhrai, Rony Ajnali, Yo Yo Honey Singh",Desi Hip-Hop Vibes,hindi,2026.0,2020s,99.384,0.204786,2485.187,Desi Hip Hop
kdxLbnRI,Fame Us,"Rai Harrie, 7Bantai'Z",Desi Hip-Hop Vibes,hindi,2026.0,2020s,95.703,0.126242,2515.855,Desi Hip Hop
7JevHKza,The Savarkar Rage,SAMBATA,Desi Hip-Hop Vibes,hindi,2026.0,2020s,103.359,0.103527,2984.442,Desi Hip Hop
SNZedJ4i,Indian Rap God,Ashiatrix,Indian Rap God,hindi,2025.0,2020s,92.285,0.160216,1917.096,Indian Rap
2fsNVO7p,Indian Rap Cypher,"Sarpanch Ji, RGX, PWN",Indian Rap Cypher,hindi,2021.0,2020s,95.703,0.132532,1963.636,Indian Rap
fk0ta4Bx,Piano Pe Drill (Indian Rap Beat),Jiojimi,Piano Pe Drill (Indian Rap Beat),instrumental,2024.0,2020s,71.777,0.055122,1298.486,Indian Rap
uaSXbKu9,"[FREE] DESI INDIAN TYPE BEAT - ""BAAGHI"" | INDIAN RAP BEAT INSTRUMENTAL 2026",Sahil Singh,"[FREE] DESI INDIAN TYPE BEAT - ""BAAGHI"" | INDIAN RAP BEAT INSTRUMENTAL 2026",instrumental,2026.0,2020s,92.285,0.113782,2313.335,Indian Rap
bGVYbCyi,The Indian Education Rap,The Humble Musician,The Indian Education Rap,malayalam,2022.0,2020s,112.347,0.154479,1940.181,Indian Rap
YG6g1iE6,Nanaji Ki Chhadi,Sayantan Bhattacharya,Rhyme Rapper: Hindi Songs for Kids (Indian),hindi,2019.0,2010s,123.047,0.139737,2784.481,Indian Rap
9OmH0wXe,Indian Drill Rap Beat,Jiojimi,Indian Drill Rap Beat,hindi,2026.0,2020s,92.285,0.093196,1940.152,Indian Rap
NlCkYy72,Indian Type Trap Rap Beat,"YourMD Beats, Jiojimi",Indian Type Trap Rap Beat,instrumental,2025.0,2020s,151.999,0.118667,1892.1,Indian Rap
5J_coLiH,Indian Flute Drill Rap Beat - One,"YourMD Beats, Jiojimi",Indian Flute Drill Rap Beat,instrumental,2024.0,2020s,71.777,0.057787,1190.172,Indian Rap
2qwawGZ7,Indian Flute Drill Rap Beat - Two,"YourMD Beats, Jiojimi",Indian Flute Drill Rap Beat,instrumental,2024.0,2020s,76.0,0.096437,2899.712,Indian Rap
aAOXwvz-,Born to Shine,Diljit Dosanjh,G.O.A.T.,punjabi,2020.0,2020s,89.103,0.181966,2814.43,Diljit Dosanjh
T3JBuGjG,Born to Shine,Diljit Dosanjh,Route 66,punjabi,2021.0,2020s,89.103,0.181966,2814.43,Diljit Dosanjh
IEuHNGVB,"Ghar Kab Aaoge (From ""BORDER 2"")","Anu Malik, Mithoon, Sonu Nigam, Arijit Singh, Roopkumar Rathod, Vishal Mishra, Diljit Dosanjh, Javed Akhtar, Manoj Muntashir","Ghar Kab Aaoge (From ""BORDER 2"")",hindi,2026.0,2020s,117.454,0.182098,1342.514,Diljit Dosanjh
zooHsCdH,Ghar Kab Aaoge,"Anu Malik, Mithoon, Sonu Nigam, Arijit Singh, Roopkumar Rathod, Vishal Mishra, Diljit Dosanjh, Javed Akhtar, Manoj Muntashir",BORDER 2 (Original Motion Picture Soundtrack),hindi,2026.0,2020s,117.454,0.182098,1342.514,Diljit Dosanjh
Z1b3SSUU,"Ez-Ez (From ""Dhurandhar"")","Hanumankind, Shashwat Sachdev, Raj Ranjodh, Diljit Dosanjh","Ez-Ez (From ""Dhurandhar"")",hindi,2025.0,2020s,143.555,0.146882,1664.073,Diljit Dosanjh
VGWXfAIa,Ez-Ez Eclipsa Audio,"Shashwat Sachdev, Diljit Dosanjh, Hanumankind",Ez-Ez Eclipsa Audio,hindi,2026.0,2020s,143.555,0.151865,1432.28,Diljit Dosanjh
l475v4Ps,Ez-Ez,"Hanumankind, Raj Ranjodh, Shashwat Sachdev, Diljit Dosanjh",Dhurandhar,hindi,2025.0,2020s,143.555,0.146882,1664.073,Diljit Dosanjh
qs3X2UN1,Dealer,"Diljit Dosanjh, DA FUTURE, Virk Andaaz",Dealer,punjabi,2026.0,2020s,143.555,0.248932,2611.112,Diljit Dosanjh
nJ6Z-ayZ,G.O.A.T.,Diljit Dosanjh,G.O.A.T.,punjabi,2020.0,2020s,172.266,0.183481,3198.252,Diljit Dosanjh
Vhv651Yy,Teri Ni Kararan Eclipsa Audio,"Shashwat Sachdev, Diljit Dosanjh",Teri Ni Kararan Eclipsa Audio,hindi,2026.0,2020s,92.285,0.166328,960.783,Diljit Dosanjh
H2r9PnvA,295,Sidhu Moose Wala,Moosetape,punjabi,2021.0,2020s,89.103,0.113348,1993.86,Sidhu Moose Wala
j7gVFIZn,Same Beef,"Bohemia, Sidhu Moose Wala",Same Beef,punjabi,2019.0,2010s,92.285,0.267461,2441.928,Sidhu Moose Wala
yhlaG-y-,East Side Flow,Sidhu Moose Wala,East Side Flow,punjabi,2019.0,2010s,151.999,0.315984,2143.28,Sidhu Moose Wala
GN38acrD,0008,"The Kidd, Sidhu Moose Wala, Jenny Johal",Moose Print,punjabi,2025.0,2020s,99.384,0.248163,2125.877,Sidhu Moose Wala
SXVUpHM9,So High,Sidhu Moose Wala,So High,punjabi,2017.0,2010s,172.266,0.159013,1806.005,Sidhu Moose Wala
iLpV8VAW,Levels,"Sidhu Moose Wala, Sunny Malton",Levels,punjabi,2022.0,2020s,112.347,0.087844,3126.099,Sidhu Moose Wala
W_-MVlI4,Devil,Sidhu Moose Wala,Pbx 1,punjabi,2018.0,2010s,172.266,0.187495,1972.231,Sidhu Moose Wala
_CUhMQr1,Dawood,Sidhu Moose Wala,Pbx 1,punjabi,2018.0,2010s,86.133,0.199568,2225.272,Sidhu Moose Wala
fdqyW_oa,Never Fold,Sidhu Moose Wala,No Name,punjabi,2022.0,2020s,92.285,0.162317,2307.801,Sidhu Moose Wala
Y8AGdm45,Eyes on Me,"Sidhu Moose Wala, The Kidd",Eyes on Me,punjabi,2026.0,2020s,151.999,0.179621,2743.678,Sidhu Moose Wala
PfcG4gJU,Excuses,"AP Dhillon, Gurinder Gill, Intense",Excuses,punjabi,2021.0,2020s,95.703,0.184414,2542.221,AP Dhillon
fHcI5Kka,With You,AP Dhillon,First of a Kind (From the Amazon Original Series),punjabi,2023.0,2020s,117.454,0.278905,1846.475,AP Dhillon
fhTo__6R,With You,AP Dhillon,With You,punjabi,2023.0,2020s,117.454,0.278905,1846.475,AP Dhillon
0o_4Bwu0,Dil Nu,"AP Dhillon, Shinda Kahlon",Two Hearts Never Break The Same,punjabi,2022.0,2020s,117.454,0.175306,2003.232,AP Dhillon
vYZ3iQJB,Afsos,"Anuv Jain, AP Dhillon, Satinderpal Singh",Afsos,punjabi,2025.0,2020s,99.384,0.139861,1697.795,AP Dhillon
yGu4RTxb,Aadat (Feat. AP Dhillon),"Yo Yo Honey Singh, AP Dhillon, Shinda Kahlon, JackBars",51 GLORIOUS DAYS,hindi,2025.0,2020s,103.359,0.197243,1556.51,AP Dhillon
xzUVX40K,Brown Munde,"AP Dhillon, Gminxr, Gurinder Gill, Shinda Kahlon",Brown Munde,punjabi,2020.0,2020s,99.384,0.166973,1443.323,AP Dhillon
LuXIJGPC,Insane,"AP Dhillon, Shinda Kahlon, Gurinder Gill, Gminxr",Insane,punjabi,2021.0,2020s,135.999,0.103497,1123.753,AP Dhillon
IDmrzLcd,Summer High,AP Dhillon,Summer High,punjabi,2022.0,2020s,117.454,0.181685,1928.089,AP Dhillon
_YLbEULx,TERE TE,"AP Dhillon, Gurinder Gill",HIDDEN GEMS,punjabi,2021.0,2020s,172.266,0.117009,2132.968,AP Dhillon
P-3rf5qD,Low Fade,"Karan Aujla, MXRCI",Low Fade,punjabi,2026.0,2020s,89.103,0.252587,2724.044,Karan Aujla
DF6eazs2,Winning Speech,"Karan Aujla, MXRCI, Seshnolan",Winning Speech,punjabi,2024.0,2020s,86.133,0.208562,2070.853,Karan Aujla
gwX71Dmc,Wavy,"Karan Aujla, Jay Trak",Wavy,punjabi,2024.0,2020s,89.103,0.220721,2622.976,Karan Aujla
KfiIwLm8,5-7,"Karan Aujla, MXRCI",5-7,punjabi,2026.0,2020s,95.703,0.297684,2893.431,Karan Aujla
bHO-xsvi,White Brown Black,"Avvy Sra, Karan Aujla, Jaani",White Brown Black,punjabi,2022.0,2020s,117.454,0.167776,2337.369,Karan Aujla
JRn8aUP9,On Top,Karan Aujla,On Top,punjabi,2022.0,2020s,135.999,0.201409,2185.486,Karan Aujla
-Ite6Z0E,Chitta Kurta,Karan Aujla,Chitta Kurta,punjabi,2019.0,2010s,89.103,0.086239,2466.43,Karan Aujla
IpKrS7VQ,Chitta Kurta,Karan Aujla,Chitta Kurta,punjabi,2020.0,2020s,89.103,0.085654,2420.591,Karan Aujla
CVeqCCYc,Tauba Tauba,Karan Aujla,Bad Newz,hindi,2024.0,2020s,95.703,0.229756,2102.107,Karan Aujla
nqHtIwVP,Fell For You,Shubh,Sicario,punjabi,2025.0,2020s,95.703,0.185235,2366.001,Shubh
JbX4wiXB,Supreme,Shubh,Supreme,punjabi,2025.0,2020s,83.354,0.175955,2397.343,Shubh
AYGWMmEx,One Love,Shubh,One Love,punjabi,2023.0,2020s,143.555,0.14902,1820.204,Shubh
T6HEwHnO,NO LOVE,Shubh,NO LOVE,punjabi,2022.0,2020s,135.999,0.124047,1376.923,Shubh
FoOWz-cQ,Cheques,Shubh,Still Rollin,punjabi,2023.0,2020s,89.103,0.122767,1562.781,Shubh
KR1E0lBn,King Shit,Shubh,Leo,punjabi,2024.0,2020s,86.133,0.15878,1762.765,Shubh
_MAYRIJf,Moves,Shubh,Chapter IV,punjabi,2026.0,2020s,99.384,0.247705,2008.298,Shubh
Q7BYOqh-,Balenci,Shubh,Balenci,punjabi,2025.0,2020s,161.499,0.143253,2174.207,Shubh
OHV_4X3l,Bounce,Shubh,Chapter IV,punjabi,2026.0,2020s,151.999,0.238451,1622.275,Shubh
2kKUnDOi,Together,Shubh,Together,punjabi,2025.0,2020s,184.57,0.195239,1624.511,Shubh
2o-Ras14,Hazir,"Amrinder Gill, Rav Hanjra",Hazir,punjabi,2026.0,2020s,103.359,0.137094,2734.542,Amrinder Gill
nIBq4Oyz,Coffee,"Amrinder Gill, Jasmeen Akhtar, Raj Ranjodh",Coffee,punjabi,2026.0,2020s,95.703,0.284685,2605.487,Amrinder Gill
Txm7WFzF,Mera Deewanapan,"Amrinder Gill, Dr Zeus",Judaa 2,punjabi,2014.0,2010s,103.359,0.193059,2733.79,Amrinder Gill
MUHOApYc,Sochan Vich,Amrinder Gill,Ik Kudi Punjab Di,punjabi,2010.0,2010s,117.454,0.217218,1640.836,Amrinder Gill
-1rQjiWS,Pyaar Tere Da Assar,"Prabh Gill, Jatinder Shah, Maninder Kailey",Goreyan Nu Daffa Karo (Original Motion Picture Soundtrack),punjabi,2014.0,2010s,161.499,0.201482,2288.53,Amrinder Gill
L5pL_9xo,Sohni Kuri,Amrinder Gill,Dildarian,punjabi,2005.0,2000s,103.359,0.165587,3095.53,Amrinder Gill
t_pNB_-k,"Akhar (From ""Lahoriye"" Soundtrack)",Amrinder Gill,"Akhar (From ""Lahoriye"" Soundtrack)",punjabi,2017.0,2010s,95.703,0.138998,1772.193,Amrinder Gill
Jev6tS6Q,"Lakeeran (From ""Mittran Da Challeya Truck Ni"")",Amrinder Gill,"Lakeeran (From ""Mittran Da Challeya Truck Ni"")",punjabi,2025.0,2020s,99.384,0.095841,1557.109,Amrinder Gill
w9v8Tlr1,Neend,Amrinder Gill,Ishq,punjabi,2007.0,2000s,107.666,0.22229,2390.237,Amrinder Gill
qY8pvP3Z,Ishq,Amrinder Gill,Ishq,punjabi,2000.0,2000s,107.666,0.222418,2390.968,Amrinder Gill
S1qfawhZ,Mahakaal,"B Praak, Jaani",Mahakaal,hindi,2025.0,2020s,143.555,0.084899,1283.442,B Praak
Mckzhnh4,Kya Baat Ay,"Harrdy Sandhu, Jaani",Kya Baat Ay,punjabi,2018.0,2010s,117.454,0.165524,1621.33,B Praak
UG7x7CeZ,Backbone,"Harrdy Sandhu, Jaani",Backbone,punjabi,2017.0,2010s,112.347,0.186042,2320.031,B Praak
uRpEnHJz,Tiranga,"Tanishk Bagchi, Manoj Muntashir, B Praak",Yodha,hindi,2024.0,2020s,198.768,0.087356,1465.568,B Praak
ObBFumgo,Beliya,"B Praak, Jaani",Lekh,punjabi,2022.0,2020s,161.499,0.17334,1495.593,B Praak
FaXXlHnO,Braj Ras,"B Praak, Jaani, Mir Desai",Braj Ras,hindi,2026.0,2020s,117.454,0.076427,1832.567,B Praak
Dlxv1-Kc,"Pachtaoge (From ""Jaani Ve"")",Arijit Singh,"Pachtaoge (From ""Jaani Ve"")",hindi,2019.0,2010s,172.266,0.221034,1770.555,B Praak
KFcbby8R,Ranjha,"Jasleen Royal, B Praak, Romy",Shershaah,hindi,2021.0,2020s,103.359,0.063313,1382.062,B Praak
aqkpucMU,Dil Tod Ke,B Praak,Dil Tod Ke,hindi,2020.0,2020s,161.499,0.163743,1911.524,B Praak
xBCodb9a,Udd Gaya,"B Praak, Jaani",Lekh,punjabi,2022.0,2020s,198.768,0.167971,2140.408,B Praak
CN4pbbYH,Jackpot,"Cheema Y, Gur Sidhu",Bermuda Triangle,punjabi,2026.0,2020s,129.199,0.199219,2522.339,Punjabi Hits
su31HzYo,Dooron Dooron,"PARESH PAHUJA, Shiv Tandan, Meghdeep Bose",Dooron Dooron,punjabi,2022.0,2020s,95.703,0.076499,1643.334,Punjabi Hits
R6PtIez6,Kath Lagda,"Navaan Sandhu, Dhanda Nyoliwala, Sanya Dandona, Rxtro",Bipolar,punjabi,2026.0,2020s,86.133,0.136008,1861.243,Punjabi Hits
zMKc8TDs,California Love,"Cheema Y, Gur Sidhu",ANYWAY,punjabi,2023.0,2020s,117.454,0.189249,1797.985,Punjabi Hits
3l1KdCjg,High On You,Jind Universe,High On You,punjabi,2024.0,2020s,83.354,0.139621,2181.929,Punjabi Hits
pyLXn3-O,Haseen,"Talwiinder, Nds, Rippy Grewal",Haseen,punjabi,2025.0,2020s,172.266,0.170596,1839.697,Punjabi Hits
WAhKWTzN,The Beast,"Cheema Y, Gur Sidhu",Dripster,punjabi,2023.0,2020s,117.454,0.160276,2158.32,Punjabi Hits
Dme4Q9Nu,POPULAR,"Bir, Arsh Heer, Daaku",POPULAR,punjabi,2026.0,2020s,112.347,0.302767,2282.582,Punjabi Pop
gj55M48B,Regional Pop,Lakhwinder Wadali,Lajpalan,punjabi,2019.0,2010s,99.384,0.194373,2842.891,Punjabi Pop
mujR4cJk,Poplin (Remix),"Diljit Dosanjh, DJ DALAL LONDON",Poplin Remix,punjabi,2023.0,2020s,107.666,0.161215,2762.858,Punjabi Pop
tXX2vtTA,Poppin',"Diljit Dosanjh, Thiarajxtt",Ghost,punjabi,2023.0,2020s,99.384,0.181246,2473.863,Punjabi Pop
FN46dx0w,WHATS POPPIN,"Deep Jandu, Sunny Randhawa, Gora, Ninja",WHATS POPPIN,punjabi,2026.0,2020s,95.703,0.228414,2584.173,Punjabi Pop
TmPB3zkz,2 Rotiyaan (Punjabi Pop),Baba Gulab Singh,2 Rotiyaan,punjabi,2024.0,2020s,151.999,0.196252,1878.495,Punjabi Pop
6j-noyri,Big Poppa,"Varinder Brar, Rav Dhaliwal",Mechanic,punjabi,2026.0,2020s,184.57,0.232506,2710.103,Punjabi Pop
V8ZleVfF,Saaun Di Jhadi,"Nikhil-Vinay, Sonu Nigam, Anuradha Paudwal, Babbu Maan, Vinod Sehgal, Upendra, Taz Harry Anand",Pop Chartbusters (Vol. 4),punjabi,2001.0,2000s,86.133,0.031711,2210.171,Punjabi Pop
OWSG9c1J,Bolo Ta Ra Ra,Daler Mehndi,Classic Pop (All Time Hits),punjabi,2023.0,2020s,117.454,0.06051,2077.167,Punjabi Pop
jSHMvDky,Humnava Mere,Jubin Nautiyal,Best Of Indian Pop 2018,punjabi,2018.0,2010s,161.499,0.098587,1145.565,Punjabi Pop
8X0ngeTL,Angreji Beat,Yo Yo Honey Singh,"The Biggest UK Bhangra Hits, Vol. 4",punjabi,2026.0,2020s,117.454,0.145935,2093.2,Punjabi Bhangra
T-sIOLX4,Good Luck Charm,K.S. Makhan,"The Biggest UK Bhangra Hits, Vol. 3",punjabi,2026.0,2020s,172.266,0.247163,2574.785,Punjabi Bhangra
9Lvb6s2b,Gabru,Yo Yo Honey Singh,"The Biggest UK Bhangra Hits, Vol. 4",punjabi,2026.0,2020s,89.103,0.154611,2949.458,Punjabi Bhangra
ZIyoDwLh,Power Of Bhangra 31 Non-Stop Punjabi Remix(Remix By Dj Russie),"Romey Gill, Babbu Maan, Balkar Sidhu, Gurdas Maan, Hans Raj Hans, Harbhajan Mann, Harjit Harman, K.S. Makhan, Palvinder Dhami, Shankar Sahney, Surjit Bindrakhia, Aman Hayer, Amar Haldipur, Anand Raaj Anand, Atul Sharma, Babloo Mahindra, Jaidev Kumar, Kanwar Iqbal, Ravi Daate, Sukhpal Sukh, Surinder Kohli, Tejwant Kittu",Power Of Bhangra,punjabi,2005.0,2000s,89.103,0.035299,3084.688,Punjabi Bhangra
bgpFEvFM,Chandigarh Walian,Sharan Deol,Punjab Bhangra Hits,punjabi,2020.0,2020s,184.57,0.14091,2098.878,Punjabi Bhangra
Zat9u_Ni,Heavy weight Bhangra,Ranjit Bawa,Heavy Weight Bhangra,punjabi,2017.0,2010s,172.266,0.150044,2402.834,Punjabi Bhangra
BK9lm-GE,Babe Bhangra Pounde Ne,Gurdas Maan,Vilayatan,punjabi,2005.0,2000s,95.703,0.155569,2489.306,Punjabi Bhangra
LM3gSSqF,Huthiyar,Gippy Grewal,"The Biggest UK Bhangra Hits, Vol. 4",punjabi,2026.0,2020s,143.555,0.167614,2726.583,Punjabi Bhangra
DiOaK4s0,PUNJABI BHANGRA,"Kanwalpreet Singh, Gopi Sidhu",11:11 Music Video Album,punjabi,2025.0,2020s,95.703,0.244208,2998.118,Punjabi Bhangra
1k7H9Ttk,Bhangra Paun De,Babbu Mann,Hashar,punjabi,2025.0,2020s,135.999,0.289814,3283.004,Punjabi Bhangra
xAEGqD45,Sadi Sun,HARSH NUSSI,Sadi Sun,punjabi,2026.0,2020s,117.454,0.125969,1670.738,Punjabi Sad Songs
Rbp936jA,Sad Song,Armor Yuvii,Sad Song,punjabi,2020.0,2020s,123.047,0.180024,1722.609,Punjabi Sad Songs
1r1-icV2,Sada Kee Ae,"Babbu Maan, Sunidhi Chauhan",Rabb Ne Banaiyan Jodiean,punjabi,2006.0,2000s,161.499,0.142296,1623.027,Punjabi Sad Songs
5VtmA9a-,Sade Jehe,"R Nait, Black Virus",Sade Jehe,punjabi,2024.0,2020s,103.359,0.200922,2114.705,Punjabi Sad Songs
EyquAudk,Sad Song,"Babbu Brar, G Guri, Surjit Bhullar, Gurlej Akhtar",Sad Song,punjabi,2026.0,2020s,161.499,0.216024,2561.814,Punjabi Sad Songs
2cp4PXOw,Sadgi,"Ranjit Bawa, Goldy Desi Crew, Mandeep Maavi",Sadgi,punjabi,2024.0,2020s,151.999,0.118184,2671.897,Punjabi Sad Songs
2sZBZIP_,Sadhu Di Kamai Boldi,"Pamma Dumewal, Kanwar Grewal",Sadhu Di Kamai Boldi,punjabi,2024.0,2020s,161.499,0.169188,1947.04,Punjabi Sad Songs
s-ohokz8,Sade Naal Yaariyan,Nachhatar Gill,Sade Naal Yaariyan,punjabi,2017.0,2010s,151.999,0.176069,1738.594,Punjabi Sad Songs
nsBDRVVZ,Sada Bidhi Chand,"Manjit Singh Sohi, Kabal Saroopwali, El Boii",Sada Bidhi Chand,punjabi,2025.0,2020s,135.999,0.161906,2631.57,Punjabi Sad Songs
e84YymdW,Sade Karma Vich,"Balkar Ankhila, Manjinder Gulshan",Up Ki Matwali,punjabi,2021.0,2020s,80.75,0.263007,2643.967,Punjabi Sad Songs
37Dmp1Hn,Kho Gaye Hum Kahan,"Prateek Kuhad, Jasleen Royal",Best Bollywood Female Voices,hindi,2026.0,2020s,117.454,0.150939,1029.395,Prateek Kuhad
9pGjMYQN,Kho Gaye Hum Kahan,"Prateek Kuhad, Jasleen Royal",Hindi Chill Mix,hindi,2026.0,2020s,117.454,0.150939,1029.395,Prateek Kuhad
-fePrjuE,Kho Gaye Hum Kahan,"Prateek Kuhad, Jasleen Royal",Valentines Special,hindi,2026.0,2020s,117.454,0.150939,1029.395,Prateek Kuhad
CIPv20OL,Kho Gaye Hum Kahan,"Jasleen Royal, Prateek Kuhad",Baar Baar Dekho,hindi,2016.0,2010s,117.454,0.151024,1047.844,Prateek Kuhad
Jzpfzszr,Kasoor,Prateek Kuhad,Kasoor,hindi,2020.0,2020s,103.359,0.246175,1650.742,Prateek Kuhad
G10aXwwS,Tum Jab Paas,Prateek Kuhad,Tum Jab Paas,hindi,2017.0,2010s,83.354,0.154587,1457.098,Prateek Kuhad
L3SMioWR,Saansein,Prateek Kuhad,Karwaan,hindi,2018.0,2010s,86.133,0.08628,1236.426,Prateek Kuhad
Iqxz7wbb,Dil Beparvah,"Ankur Tewari, Prateek Kuhad","Dil Beparvah (The Dewarists, Season 5)",hindi,2017.0,2010s,135.999,0.067805,995.684,Prateek Kuhad
GjsH8exf,Kadam,Prateek Kuhad,Karwaan,hindi,2018.0,2010s,161.499,0.105265,1320.433,Prateek Kuhad
C505ZSG7,Tune Kaha,Prateek Kuhad,Tune Kaha,hindi,2016.0,2010s,92.285,0.107582,1709.315,Prateek Kuhad
cli-P2pu,Arz Kiya Hai | Coke Studio Bharat,Anuv Jain,Arz Kiya Hai | Coke Studio Bharat,hindi,2025.0,2020s,99.384,0.161198,1712.305,Anuv Jain
zND_RkED,Jo Tum Mere Ho,Anuv Jain,Jo Tum Mere Ho,hindi,2024.0,2020s,143.555,0.09379,1333.222,Anuv Jain
X0zxHHfs,Husn,Anuv Jain,Husn,hindi,2023.0,2020s,99.384,0.121555,1727.201,Anuv Jain
4GGV39K7,Baarishein,Anuv Jain,Baarishein,hindi,2018.0,2010s,143.555,0.160125,1387.699,Anuv Jain
W-d2FbBr,Alag Aasmaan,Anuv Jain,Alag Aasmaan,hindi,2020.0,2020s,117.454,0.087491,1578.241,Anuv Jain
FmDkOnwz,Inaam,Anuv Jain,Inaam,hindi,2025.0,2020s,123.047,0.176106,1143.582,Anuv Jain
_WVIcEvf,Gul,Anuv Jain,Gul,hindi,2021.0,2020s,112.347,0.141924,1275.562,Anuv Jain
KiMyCidz,Mazaak,Anuv Jain,Mazaak,hindi,2023.0,2020s,73.828,0.114901,1226.473,Anuv Jain
4LL3lgz9,Meri Baaton Mein Tu,Anuv Jain,Meri Baaton Mein Tu,hindi,2022.0,2020s,95.703,0.046304,1348.715,Anuv Jain
yEEZOPaq,Tu Hai Kahaan,Lucky Ali,Do Aur Do Pyaar,hindi,2024.0,2020s,107.666,0.101702,1577.221,The Local Train
7YjyRWNQ,Choo Lo X Aahatein,Akdas Hayat,Choo Lo X Aahatein,hindi,2024.0,2020s,143.555,0.224207,2123.427,The Local Train
le5MOVwQ,"Tu Hai Kahaan (From ""Do Aur Do Pyaar"")","The Local Train, Lucky Ali","Tu Hai Kahaan (From ""Do Aur Do Pyaar"")",hindi,2024.0,2020s,107.666,0.101702,1577.221,The Local Train
bkKwkFS4,Dreamland,"When Chai Met Toast, Job Kurian",Dreamland,hindi,2025.0,2020s,135.999,0.209318,2104.088,When Chai Met Toast
EUTN-3C1,Aa Bhi Jaa,When Chai Met Toast,Do Aur Do Pyaar,hindi,2024.0,2020s,103.359,0.114744,1451.035,When Chai Met Toast
vub4GNY0,Baaton,When Chai Met Toast,Baaton,hindi,2025.0,2020s,78.303,0.200048,1327.378,When Chai Met Toast
D1KBh2DG,Blue Skies,"When Chai Met Toast, Siddhant Kaushal",Citadel Honey Bunny,hindi,2024.0,2020s,99.384,0.18621,1537.94,When Chai Met Toast
QAw6c-OO,"Aa Bhi Jaa (From ""Do Aur Do Pyaar"")","Ankur Tewari, When Chai Met Toast","Aa Bhi Jaa (From ""Do Aur Do Pyaar"")",hindi,2024.0,2020s,103.359,0.114744,1451.035,When Chai Met Toast
S3DU_h6-,tere bina,Zaeden,tere bina,hindi,2019.0,2010s,117.454,0.183598,1811.717,Zaeden
thbiea1r,Aawara,"King, Zaeden, KSHMR",Aawara,hindi,2024.0,2020s,117.454,0.201909,2627.835,Zaeden
z3pO-YKm,Aa Mil,"Zaeden, Lisa Mishra",Aa Mil,hindi,2023.0,2020s,80.75,0.174306,1637.47,Zaeden
L87IXicA,5 am,Zaeden,5 am,hindi,2024.0,2020s,123.047,0.265496,1686.775,Zaeden
tGyq1lg1,Raaz,Zaeden,Raaz,hindi,2025.0,2020s,198.768,0.153941,1433.256,Zaeden
z7RADO6c,pia <3,Zaeden,pia <3,hindi,2024.0,2020s,184.57,0.205185,1442.124,Zaeden
a_nqEXwl,kya karoon?,Zaeden,kya karoon?,hindi,2020.0,2020s,143.555,0.116879,1855.266,Zaeden
LfLc6sBk,KTMBK,"Zaeden, Hanita Bhambri",KTMBK,hindi,2021.0,2020s,112.347,0.195514,1642.59,Zaeden
xySywpKE,dooriyan,Zaeden,dooriyan,hindi,2020.0,2020s,80.75,0.154871,1749.819,Zaeden
Z_K0ABuo,5 am,Zaeden,Zaeden 02,hindi,2024.0,2020s,123.047,0.265496,1686.775,Zaeden
ygbObwxN,Indian Indian (Jaal - The Trap / Soundtrack Version),Anand Raaj Anand,Jaal - The Trap,hindi,2008.0,2000s,95.703,0.083423,2704.29,Indian Indie
zaGIwghR,I Am An Indian,"Ramana Gogula, Sunitha",Badri,telugu,2000.0,2000s,99.384,0.105683,2147.028,Indian Indie
9nltkcyO,"Globetrotter (From ""Varanasi"")","Shruti Haasan, Kaala Bhairava, M.M. Keeravani, Chaitanya Prasad",Indian Music Anthems - Independence Day Special,telugu,2026.0,2020s,117.454,0.14697,1629.851,Indian Indie
kPOhb1W3,Come Back Indian,Anirudh Ravichander,Indian 2,tamil,2024.0,2020s,117.454,0.189156,1767.768,Indian Indie
pjWxOB_r,Indian Army,Nishant Mehra,Indian Army,hindi,2025.0,2020s,99.384,0.196884,1982.942,Indian Indie
XcxJsT62,Paaraa,"Anirudh Ravichander, Shruthika Samudhrala",Indian 2,tamil,2024.0,2020s,117.454,0.171036,1867.408,Indian Indie
EBvbomhm,Come Back Indian,"Anirudh Ravichander, Sri Krishna",Bharateeyudu 2,telugu,2024.0,2020s,117.454,0.189402,1768.576,Indian Indie
KKDO8KxN,Victory Indian Army,Archit Suryavanshi,Victory Indian Army,hindi,2025.0,2020s,76.0,0.059399,1626.399,Indian Indie
-G6SUNHQ,Humko Aajkal Hai Intezaar - Indian Trap,"DJ Carron, Anupama Deshpande",Humko Aajkal Hai Intezaar - Indian Trap,hindi,2024.0,2020s,63.024,0.207052,2668.515,Indian Indie
TK0_1n9e,Kadharalz,Anirudh Ravichander,Indian 2,tamil,2024.0,2020s,80.75,0.228741,1918.211,Indian Indie
HqXDmMaS,Pehle Bhi Main Lofi Mix(Remix By Moodyboy),Vishal Mishra,Pehle Bhi Main Lofi Mix,hindi,2024.0,2020s,103.359,0.035504,882.559,Hindi Lofi
kIb_jgP2,Hanuman Chalisa (Lofi),Rasraj Ji Maharaj,Hanuman Chalisa (Lofi),hindi,2023.0,2020s,95.703,0.149377,1349.644,Hindi Lofi
L0CEVnq0,Bajrang Baan-Lofi,Rasraj Ji Maharaj,Bajrang Baan-Lofi,hindi,2023.0,2020s,112.347,0.08602,1754.745,Hindi Lofi
mWZfLlP5,Lofi Lovee,"Ved Sharma, Asees Kaur, Harsh Limbachiya",Lofi Lovee,hindi,2024.0,2020s,143.555,0.136362,1964.77,Hindi Lofi
WUwenrlh,Sunderkand-Lofi,Rasraj Ji Maharaj,Sunderkand-Lofi,hindi,2023.0,2020s,99.384,0.024153,1697.563,Hindi Lofi
jArM54rQ,Sajni Lofi Mix(Remix By Dj Basque),"Arijit Singh, Ram Sampath",Sajni Lofi Mix,hindi,2024.0,2020s,135.999,0.125657,1342.509,Hindi Lofi
9NUPjGAr,Qaafirana Lofi Mix,"Amit Trivedi, Arijit Singh, Nikhita Gandhi",Arijit Singh Lofi Love Songs,hindi,2026.0,2020s,161.499,0.069394,2326.565,Hindi Lofi
1iupKiHN,Qaafirana Lofi Mix,"Arijit Singh, Nikhita Gandhi",Lo-Fi Love Hits,hindi,2023.0,2020s,161.499,0.069394,2326.565,Hindi Lofi
QrY8lVjn,"Subhanallah Lofi Mix(Remix By Kedrock,Sd Style)","Sreerama Chandra, Shilpa Rao, Kedrock, SD Style, Pritam",Subhanallah Lofi Mix,hindi,2022.0,2020s,107.666,0.105448,1643.799,Hindi Lofi
d5wPRNgf,Yaara Lofi (Lofi),Mamta Sharma,Yaara Lofi (Lofi),hindi,2024.0,2020s,143.555,0.118577,1292.327,Hindi Lofi
Nqq9FGAV,Indian Acoustic,Bollywood Buddha Indian Music Café,Indian Acoustic - Indian Bollywood Movie Traditional Background Music,instrumental,2019.0,2010s,92.285,0.0632,1327.186,Indian Acoustic
L_4sbNR0,God's Plan (Indian Acoustic Mix),"Mithil Chakraborty, Anu Romesh, Ashwin Seshadri, IndianRaga, Bharath Namboothiry, Various Artists",Raga Covers 2,hindi,2018.0,2010s,135.999,0.126748,1403.333,Indian Acoustic
ml8Jn1dk,Colors of the Soul,Bollywood Buddha Indian Music Café,Indian Acoustic - Indian Bollywood Movie Traditional Background Music,instrumental,2019.0,2010s,151.999,0.039523,2358.25,Indian Acoustic
9a4LqcsF,Earth and Wind (Satur and Bansuri),Bollywood Buddha Indian Music Café,Indian Acoustic - Indian Bollywood Movie Traditional Background Music,instrumental,2019.0,2010s,123.047,0.069724,1831.148,Indian Acoustic
YA2BnmIe,Just Like a Dream,Bollywood Buddha Indian Music Café,Indian Acoustic - Indian Bollywood Movie Traditional Background Music,instrumental,2019.0,2010s,112.347,0.027626,1969.309,Indian Acoustic
lN1uqjcn,Fully Awoken,Bollywood Buddha Indian Music Café,Indian Acoustic - Indian Bollywood Movie Traditional Background Music,instrumental,2019.0,2010s,107.666,0.020895,1877.877,Indian Acoustic
FVql8U8F,Traditional,Bollywood Buddha Indian Music Café,Indian Acoustic - Indian Bollywood Movie Traditional Background Music,instrumental,2019.0,2010s,123.047,0.056195,1012.897,Indian Acoustic
dSEM0_L9,Shiva,Bollywood Buddha Indian Music Café,Indian Acoustic - Indian Bollywood Movie Traditional Background Music,instrumental,2019.0,2010s,112.347,0.060117,1203.815,Indian Acoustic
EGcYzygW,Gods and Goddesses,Bollywood Buddha Indian Music Café,Indian Acoustic - Indian Bollywood Movie Traditional Background Music,instrumental,2019.0,2010s,83.354,0.010983,3340.111,Indian Acoustic
A6wODMyD,Pure Tranquility,Bollywood Buddha Indian Music Café,Indian Acoustic - Indian Bollywood Movie Traditional Background Music,instrumental,2019.0,2010s,89.103,0.08954,978.687,Indian Acoustic
BAfOnZoY,Medley Nusrat Fateh Ali Khan,Kavita Seth,World Sufi Spirit Festival - Kavita Seth,hindi,2015.0,2010s,107.666,0.145949,2186.356,Nusrat Fateh Ali Khan
dRjiLRqX,Mast Nazron Se Allah Bachaye (Nusrat Fateh Ali Khan),Kazinama,Mast Nazron Se Allah Bachaye (Nusrat Fateh Ali Khan),hindi,2023.0,2020s,107.666,0.190099,2088.232,Nusrat Fateh Ali Khan
YM-nUCv3,Bina Mahi (Cover Version) [Tribute to Ustad Nusrat Fateh Ali Khan],Karamveer,Bina Mahi (Cover Version) [Tribute to Ustad Nusrat Fateh Ali Khan],punjabi,2023.0,2020s,103.359,0.193003,2379.201,Nusrat Fateh Ali Khan
io6oXaJA,Jo Maja Hai Fakiri Mein Wo Maja Nahi Hai Amiri Mein,Fan Of Nusrat Fateh Ali Khan,Jo Maja Hai Fakiri Mein Wo Maja Nahi Hai Amiri Mein,hindi,2026.0,2020s,107.666,0.089969,2976.009,Nusrat Fateh Ali Khan
uq7Nox03,Je Tu Rab Nu Manouna,Fan Of Nusrat Fateh Ali Khan,Je Tu Rab Nu Manouna,punjabi,2026.0,2020s,129.199,0.112184,1688.466,Nusrat Fateh Ali Khan
3viGhe5y,Be Khud Kiye Dete Hai New Qowali Sufiyana Qowali,Fan Of Nusrat Fateh Ali Khan,Be Khud Kiye Dete Hai New Qowali Sufiyana Qowali,hindi,2026.0,2020s,103.359,0.088545,2605.576,Nusrat Fateh Ali Khan
pmdRggTr,Ya Ghous Ya Meeran Nusrat Fateh Ali Khan,Faryad Ali Khan Qawwal,Tera Jamal Jamal-E-Khuda Vol 216,hindi,2026.0,2020s,103.359,0.056232,1884.741,Nusrat Fateh Ali Khan
Ds2hugvQ,Ya Allah Mere Dil Ki Duaa Sunle Heart Touching Sufi Qawwali,Fan Of Nusrat Fateh Ali Khan,Ya Allah Mere Dil Ki Duaa Sunle Heart Touching Sufi Qawwali,hindi,2026.0,2020s,151.999,0.116529,2926.903,Nusrat Fateh Ali Khan
PSpetVhx,Mere Aansuon Ki Sada Sun Le Heart Touching Sufi Qawwali,Fan Of Nusrat Fateh Ali Khan,Mere Aansuon Ki Sada Sun Le Heart Touching Sufi Qawwali,hindi,2026.0,2020s,129.199,0.111749,2886.95,Nusrat Fateh Ali Khan
C9Pt00Zw,Rab Ohnu Labh Da heart touching sufi qawwali,Fan Of Nusrat Fateh Ali Khan,Rab Ohnu Labh Da heart touching sufi qawwali,punjabi,2026.0,2020s,151.999,0.134501,1967.855,Nusrat Fateh Ali Khan
FN7RvfQc,Mast Qalandar,"Sami Yusuf, Rahat Fateh Ali Khan",Mast Qalandar,punjabi,2020.0,2020s,95.703,0.185379,1972.876,Rahat Fateh Ali Khan
xe58uAYu,Leh Gaya Haaseh,Tarli Digital & Rahat Fateh Ali Khan,DigiTaal,punjabi,2012.0,2010s,107.666,0.150977,2123.102,Rahat Fateh Ali Khan
9vXZ2ueQ,Koi Fariyaad,Jagjit Singh,Tum Bin,hindi,2001.0,2000s,151.999,0.069717,3118.009,Jagjit Singh
Mxtd4a2R,"Koi Fariyaad (From ""Tum Bin"")","Faaiz Anwar, Nikhil-Vinay, Jagjit Singh",Bollywood Classic Hits,hindi,2026.0,2020s,151.999,0.068546,2915.041,Jagjit Singh
QnldcThx,"Hothon Se Chhu Lo Tum (From ""Prem Geet"")",Jagjit Singh,Prem Geet (Original Motion Picture Soundtrack / Remastered),hindi,2026.0,2020s,99.384,0.092065,1675.105,Jagjit Singh
UmanntR6,"Hothon Se Chhu Lo Tum (From ""Prem Geet"")",Jagjit Singh,Prem Geet,hindi,2008.0,2000s,99.384,0.091835,1670.521,Jagjit Singh
Szk0_wAM,Tum Ko Dekha To Yeh Khayal Aaya,"Kuldeep Singh, Jagjit Singh, Chitra Singh",Sadabahar - Ghazalon Ka Caravan - Vol. 2,hindi,1982.0,1980s,161.499,0.081507,1054.323,Jagjit Singh
SFEIp1hj,Tum Ko Dekha To Yeh Khayal Aaya,"Jagjit Singh, Chitra Singh",Saath Saath,hindi,1982.0,1980s,151.999,0.081537,1053.904,Jagjit Singh
mu9Xjq9R,Tum Itna Jo Muskura Rahe Ho,Jagjit Singh,Arth,hindi,1982.0,1980s,161.499,0.106834,2489.984,Jagjit Singh
RS39oGqv,Tum Itna Jo Muskura Rahe Ho,Jagjit Singh,Sadabahar - Ghazalon Ka Caravan - Vol. 2,hindi,1982.0,1980s,161.499,0.106898,2490.359,Jagjit Singh
3B0TMnHD,Chithi Na Koi Sandesh Male,Uttam Singh,Dushman,hindi,1998.0,1990s,76.0,0.07595,1104.546,Jagjit Singh
Ni94z6_w,Chithi Na Koi Sandesh,"Uttam Singh, Jagjit Singh",Sadabahar - Ghazalon Ka Caravan - Vol. 2,hindi,1982.0,1980s,76.0,0.075941,1104.411,Jagjit Singh
f4hQOXBA,Teri Chahat Mein,Hukam Ali,Teri Chahat Mein,hindi,2022.0,2020s,95.703,0.366453,2203.378,Ghulam Ali
C8xnYoYF,Na Kajare Ki Dhar (Duet Version),"Pankaj Udhas, Sadhana Sargam",Mohra,hindi,1994.0,1990s,143.555,0.084216,2769.162,Pankaj Udhas
dFw1u9rj,"Na Kajare Ki Dhar (From ""Mohra"")","Pankaj Udhas, Sadhana Sargam","Unforgettable Bollywood Love Songs, Vol. 9",hindi,2016.0,2010s,143.555,0.08385,2744.551,Pankaj Udhas
gZ65QRfA,"Na Kajare Ki Dhar (From ""Mohra"")","Pankaj Udhas, Sadhana Sargam",Sunil Shetty - 12 Superhit Songs,hindi,2017.0,2010s,143.555,0.08385,2744.551,Pankaj Udhas
LUItqn0P,"Na Kajare Ki Dhar (From ""Mohra"")","Pankaj Udhas, Sadhana Sargam",Mushy Love Songs of Bollywood,hindi,2016.0,2010s,143.555,0.08385,2744.551,Pankaj Udhas
IXuri_nU,"Na Kajare Ki Dhar (From ""Mohra"")","Pankaj Udhas, Sadhana Sargam","Together Ghazals, Vol. 5",hindi,2016.0,2010s,143.555,0.08385,2744.551,Pankaj Udhas
3dsmhg-U,Chandi Jaisa Rang (Live),Pankaj Udhas,The Very Best Of Pankaj Udhas (Live) Vol. 3,hindi,2009.0,2000s,135.999,0.066745,1332.658,Pankaj Udhas
1IjZgKUT,Ahista (Album Version),Pankaj Udhas,Greatest Hits,hindi,2014.0,2010s,89.103,0.201395,1053.512,Pankaj Udhas
WPfOBHA6,Jeeye To Jeeye Kaise,Pankaj Udhas,Saajan,hindi,1991.0,1990s,129.199,0.104881,2734.123,Pankaj Udhas
B7jJLifA,Chitthi Aai Hai,Pankaj Udhas,Naam,hindi,1986.0,1980s,161.499,0.140771,2163.584,Pankaj Udhas
95x5U1nr,Chitthi Aai Hai,"Laxmikant - Pyarelal, Pankaj Udhas",Sadabahar - Ghazalon Ka Caravan - Vol. 2,hindi,1982.0,1980s,161.499,0.139944,2172.133,Pankaj Udhas
kYm9sxlI,Ghoom Charakhra,Ali Azmat & Abida Parveen,Coke Studio Season 11: Episode 2,punjabi,2018.0,2010s,129.199,0.035591,1706.064,Abida Parveen
KwdQkKkf,Sohnra Manhoon Sindh Ja,Abida Parveen,Sohnra Manhoon Sindh Ja,sindhi,2022.0,2020s,143.555,0.15364,2344.07,Abida Parveen
OLSnWpO8,Ghano Aahin Ghat Tokhan Sabh Gul,Abida Parveen,Ghano Aahin Ghat Tokhan Sabh Gul,sindhi,2022.0,2020s,95.703,0.208177,1554.217,Abida Parveen
ejXLxFPg,Chho Tho Mehal Adeen,Abida Parveen,Chho Tho Mehal Adeen,sindhi,2022.0,2020s,95.703,0.103893,2849.895,Abida Parveen
RHf5yRq5,Mulluk | Coke Studio Bangla,"Meghdol, Ronju Tanti, Ranjit Tanti",Mulluk | Coke Studio Bangla,bengali,2026.0,2020s,135.999,0.048158,1785.064,Coke Studio
TrWXs-HD,Patar Bashori | Coke Studio Bangla,"Ishaan, Sunidhi Nayak, Adit Rahman",Patar Bashori | Coke Studio Bangla,bengali,2026.0,2020s,103.359,0.124469,1763.108,Coke Studio
fbMX7Be6,Ishq Bawla | Coke Studio Bharat,"Dhanda Nyoliwala, Xvir Grewal",Ishq Bawla | Coke Studio Bharat,hindi,2025.0,2020s,99.384,0.18153,2329.618,Coke Studio
Anj3BptX,Ae Ajnabee | Coke Studio Bharat,"Aditya Rikhari, Kutle Khan, Ravator",Ae Ajnabee | Coke Studio Bharat,hindi,2026.0,2020s,73.828,0.091514,1392.027,Coke Studio
glALNdSz,Khalasi | Coke Studio Bharat,"Aditya Gadhvi, Achint",Khalasi | Coke Studio Bharat,gujarati,2023.0,2020s,92.285,0.095056,1920.536,Coke Studio
jGmFUOU_,Khalasi | Coke Studio Bharat,"Aditya Gadhvi, Achint",Khalasi (Remix Pack),gujarati,2024.0,2020s,92.285,0.095056,1920.536,Coke Studio
qZHGlzIj,Ae Ajnabee | Coke Studio Bharat,"Aditya Rikhari, Kutle Khan, Ravator",Best of Aditya Rikhari,hindi,2026.0,2020s,107.666,0.093599,1385.739,Coke Studio
kkzLE9rQ,Ae Ajnabee | Coke Studio Bharat,"Aditya Rikhari, Ravator, Kutle Khan",Ae Ajnabee | Coke Studio Bharat (Acoustic),hindi,2026.0,2020s,73.828,0.091532,1391.929,Coke Studio
bZTAROSO,Long Distance Love | Coke Studio Bangla,"Ankan Kumar, modernotaku, Shuvendu Das Shuvo",Long Distance Love | Coke Studio Bangla,bengali,2025.0,2020s,112.347,0.059319,1869.006,Coke Studio
sUXTv8CA,Sufi,Raghav,Sufi,hindi,2020.0,2020s,129.199,0.044801,2124.807,Sufi Hits
I2BGCVIV,"Sufiyana (From ""Aay"")","Sri Mani, Ram Miriyala, Sameera Bharadwaj, Ramya Shree","Sufiyana (From ""Aay"")",telugu,2024.0,2020s,99.384,0.096026,2466.352,Sufi Hits
dozPGVEV,"Maula Mere Maula (From ""Anwar"")",Roopkumar Rathod,Sufi Gold,hindi,2018.0,2010s,135.999,0.093085,1118.063,Sufi Hits
UPQv1JNW,Ishq Sufiyana (Male),"Vishal & Shekhar, Kamal Khan",The Dirty Picture,hindi,2011.0,2010s,172.266,0.05813,2597.872,Sufi Hits
6ke7EsC_,Nazar Sufi,Sufiyat Fiza,Nazar Sufi,hindi,2026.0,2020s,129.199,0.112293,2116.094,Sufi Hits
LmxVX_Qf,Sufiyana,Humane Sagar,Sufiyana,odia,2026.0,2020s,112.347,0.150717,2179.285,Sufi Hits
dKXUmhal,"Sufiana Kalam , Kalam Mian Muhammad Baksh - Saif ul malook Part 4",Sultan Ateeq Rehman,"Sufiana Kalam , Kalam Mian Muhammad Baksh - Saif ul malook Part 4",punjabi,2022.0,2020s,135.999,0.125783,1273.988,Sufi Hits
P1QUzOUL,Sufi,Zakir Ali,Sufi Ecstasy - Qawwalis from Ajmer Sharif,hindi,2012.0,2010s,151.999,0.027175,2668.02,Sufi Hits
wSg7ncEI,Sufi Tere Pyar Mein (Rock),"Bappi Lahiri, Dj Akhil Talreja, Dj N Y K, Tulsi Kumar, Saim",Jai Veeru,hindi,2009.0,2000s,151.999,0.23567,2288.387,Sufi Hits
WDq2Z7v5,Sufi Qawwali - Damaadam Mast Kalandar,Wadali Brothers,"Ruhaniyat, Vol. 3",punjabi,2006.0,2000s,117.454,0.079646,2056.92,Sufi Hits
NEv-z3Ob,Gharana in Hindustani Classical (Pt. 1),V.R. Athavale,Gharana in Hindustani Classical,marathi,2018.0,2010s,123.047,0.036791,2136.605,Hindustani Classical
whRWo6kN,Maalan Dil Mein Basaa Le,Yusuf Azad Qawwal,Hindustani Classical Gems Vol-12,hindi,2023.0,2020s,89.103,0.168748,1405.555,Hindustani Classical
1r0nyRAl,Dhan Dhan Mangal,Kishori Amonkar,Hindustani Classical,hindi,1980.0,1980s,123.047,0.120041,1391.26,Hindustani Classical
lZlYeTwu,Sakhi Ri Main Girdhar Ke Rang Raati (Bhajan),Parveen Sultana,Parween Sultana - Hindustani Classical,hindi,1999.0,1990s,117.454,0.077275,2292.814,Hindustani Classical
ZpaIMrOY,Piya Nahi Aaye,Pt Vinayak Torvi,Hindustani Classical Vocal,hindi,2000.0,2000s,161.499,0.110552,1766.403,Hindustani Classical
KTuvlCGz,Lara Maayi Sajani,Pt Vinayak Torvi,Hindustani Classical Vocal,hindi,2000.0,2000s,86.133,0.128108,1766.108,Hindustani Classical
BMdUtr7K,Sandhya Raag,Music Temple,Hindustani Classical Essentials,hindi,2026.0,2020s,135.999,0.1136,1300.131,Hindustani Classical
l-SZ0cMW,Kareema Naam Tero,Pt Vinayak Torvi,Hindustani Classical Vocal,hindi,2000.0,2000s,161.499,0.112103,1634.623,Hindustani Classical
rYpJsB2D,Ae Beeti Jaye,Parveen Sultana,Parween Sultana - Hindustani Classical,hindi,1999.0,1990s,29.363,0.055985,1193.232,Hindustani Classical
3wh79QWk,Main Ne Lakhon Ke Bol Sahe - Thumri,Nirmala Devi,Hindustani Classical Gems Vol - 4,hindi,2022.0,2020s,172.266,0.116361,1812.3,Hindustani Classical
R9ROqJTq,Krishna Nee Begane Baro (instrumental),Dr. Ramachandra Murthy,Krishna Divine Flute - Carnatic Instrumental,instrumental,2025.0,2020s,86.133,0.211075,965.251,Carnatic Instrumental
43BWGTdY,Swagatham Krishna - (Instrumental),Dr. Ramachandra Murthy,Krishna Divine Flute - Carnatic Instrumental,instrumental,2025.0,2020s,112.347,0.124674,1823.071,Carnatic Instrumental
35bGhsXE,Enna Thavam Seithanai (Instrumental),Dr. Ramachandra Murthy,Krishna Divine Flute - Carnatic Instrumental,instrumental,2025.0,2020s,83.354,0.173798,1200.124,Carnatic Instrumental
N1IW1F7w,Kurai Ondrum Illai (Instrumental),Dr. Ramachandra Murthy,Krishna Divine Flute - Carnatic Instrumental,instrumental,2025.0,2020s,172.266,0.086125,1828.56,Carnatic Instrumental
TZavPLtR,Jagadodharana (Instrumental),Dr. Ramachandra Murthy,Krishna Divine Flute - Carnatic Instrumental,instrumental,2025.0,2020s,103.359,0.058502,1468.191,Carnatic Instrumental
8Y8HNk_X,Baro Krishnayya (Instrumental),Dr. Ramachandra Murthy,Krishna Divine Flute - Carnatic Instrumental,instrumental,2025.0,2020s,107.666,0.085972,1305.604,Carnatic Instrumental
40LK_hIN,Abhimana Mannadu (Violin),Mysore T. Chowdiah,Violin - Carnatic Instrumental,carnatic,1990.0,1990s,92.285,0.015567,1188.442,Carnatic Instrumental
pSPeuHUf,Deva Deva (Violin),Mysore T. Chowdiah,Violin - Carnatic Instrumental,carnatic,1990.0,1990s,83.354,0.023602,1126.107,Carnatic Instrumental
b3z9W_kp,Jamuna Kinare (Instrumental),Dr. Ramachandra Murthy,Krishna Divine Flute - Carnatic Instrumental,instrumental,2025.0,2020s,135.999,0.212878,1718.082,Carnatic Instrumental
3SdHoOPo,Radha Sametha Krishna (Instrumental),Dr. Ramachandra Murthy,Krishna Divine Flute - Carnatic Instrumental,instrumental,2025.0,2020s,161.499,0.036162,1692.943,Carnatic Instrumental
hy3eCrL7,Tum Hi Ho - Flute Instrumental,Mithoon,Tum Hi Ho - Flute Instrumental,hindi,2021.0,2020s,95.703,0.182701,1128.183,Flute Instrumental
BsZI4fGP,Kabira - Flute Instrumental,Pritam,Kabira - Flute Instrumental,hindi,2021.0,2020s,83.354,0.066493,1426.255,Flute Instrumental
1m-J_DuD,Aahatein - Flute Instrumental,Nibir Dev Sharma,Aahatein - Flute Instrumental,instrumental,2025.0,2020s,135.999,0.098402,1150.557,Flute Instrumental
s8_0M-l0,Jai Radha Madhav Flute Instrumental,Govind Khandelwal,Jai Radha Madhav Flute Instrumental,instrumental,2025.0,2020s,86.133,0.111137,1390.892,Flute Instrumental
-jm6mJcq,Krishna Flute,Harsh Saklani,Krishna Flute,instrumental,2023.0,2020s,172.266,0.127981,1832.961,Flute Instrumental
gVVLZYrE,Siru Thoduthalilae (Flute Instrumental),"Dharan Kumar, Navin Iyer",Laadam,tamil,2008.0,2000s,123.047,0.138557,1242.704,Flute Instrumental
6wFrxB1A,Anti Pettukondana (Flute Instrumental),"Dharan Kumar, Navin Iyer",16 Days,telugu,2008.0,2000s,117.454,0.146693,1260.135,Flute Instrumental
GR9ktduj,Sanam Re - Flute Instrumental,Mithoon,Sanam Re - Flute Instrumental,hindi,2021.0,2020s,112.347,0.148731,1402.271,Flute Instrumental
9RmmkKUm,Saiyaraa Instrumental (Flute),Siddhi Prasanna,Saiyaraa Instrumental (Flute),hindi,2025.0,2020s,107.666,0.07173,1049.661,Flute Instrumental
NtpQID87,Mahabharat Titel Flute,Vinay Keshari,Mahabharat Titel Flute,instrumental,2025.0,2020s,135.999,0.090995,1013.459,Flute Instrumental
Y9Erar9b,Sitar Classical,Sri Sathya Sai Official,Sitar Classical,hindi,2024.0,2020s,103.359,0.122747,1816.951,Sitar Classical
I-nDI0fi,Raga Mishra Piloo Duet For Sitar,Pandit Ravi Shankar,Ravi Shankar And Ali Akbar Khan - Classical,hindi,2004.0,2000s,143.555,0.022283,1466.647,Sitar Classical
7oNJXMoR,The Classical Sitar,Peacelover Music,Hindustani Classical Sitar,hindi,2026.0,2020s,92.285,0.064037,1013.608,Sitar Classical
3oG0md-7,Mishra Dhun Kaharba - Rt 1- Sitar Shehnai,"Ustad Bismillah Khan, Ustad Vilayat Khan",Samplers Classical Instrumental For Ring Tone,hindi,2005.0,2000s,151.999,0.028743,1191.668,Sitar Classical
WhKsPHFv,Classical Tabla Taal With Sitar,Abhishek Prajapat,Classical Tabla Taal With Sitar,instrumental,2025.0,2020s,135.999,0.07728,1707.558,Sitar Classical
mtDvYZns,Sitar Alap,Peacelover Music,Hindustani Classical Sitar,hindi,2026.0,2020s,117.454,0.078487,704.163,Sitar Classical
_J4TnUln,Timeless Sitar,Peacelover Music,Hindustani Classical Sitar,hindi,2026.0,2020s,80.75,0.113338,594.482,Sitar Classical
_PnNf20o,Chandrama Sitar,Peacelover Music,Hindustani Classical Sitar,hindi,2026.0,2020s,129.199,0.072454,725.229,Sitar Classical
XD7-oCyh,Sitar Parampara,Peacelover Music,Hindustani Classical Sitar,hindi,2026.0,2020s,123.047,0.091587,524.777,Sitar Classical
kBIcX82H,Eternal Sitar,Peacelover Music,Hindustani Classical Sitar,hindi,2026.0,2020s,92.285,0.084872,1044.306,Sitar Classical
Ck1V-H4b,"Raga of Revenge (From ""DC"")",Anirudh Ravichander,"Raga of Revenge (From ""DC"")",tamil,2026.0,2020s,172.266,0.179648,2020.644,Anirudh Ravichander
9z1NjtsY,Raga of Revenge,Anirudh Ravichander,DC (Original Motion Picture Soundtrack),tamil,2026.0,2020s,172.266,0.179648,2020.644,Anirudh Ravichander
UPcaoj7N,Raga of Revenge,Anirudh Ravichander,DC The Bloody Valentine (Original Motion Picture Soundtrack),tamil,2026.0,2020s,172.266,0.179648,2020.644,Anirudh Ravichander
WZ5FUQGs,Raga of Revenge,Anirudh Ravichander,DC (Original Motion Picture Soundtrack),tamil,2026.0,2020s,172.266,0.179648,2020.644,Anirudh Ravichander
i-4OQoee,"Aaya Sher (From ""The Paradise"") (Telugu)","Kasarla Shyam, Anirudh Ravichander, Jangi Reddy, Arjun Chandy","Aaya Sher (From ""The Paradise"") (Telugu)",telugu,2026.0,2020s,135.999,0.251602,1792.012,Anirudh Ravichander
hAKWbIRU,"Hangova (From ""DC"")","Anirudh Ravichander, Heisenberg","Hangova (From ""DC"")",tamil,2026.0,2020s,71.777,0.039123,1605.766,Anirudh Ravichander
ZztxBKWf,Hangova,"Anirudh Ravichander, Heisenberg",DC (Original Motion Picture Soundtrack),tamil,2026.0,2020s,71.777,0.039123,1605.766,Anirudh Ravichander
3h6F8ui8,"Ala Bolelo (From ""Jailer 2"")","Anirudh Ravichander, Arunraja Kamaraj","Ala Bolelo (From ""Jailer 2"")",tamil,2026.0,2020s,117.454,0.274766,2122.82,Anirudh Ravichander
PlI4Ftfc,"Bum Baa Diga Diga (From ""DC"")","Anirudh Ravichander, Vedan, Heisenberg","Bum Baa Diga Diga (From ""DC"")",tamil,2026.0,2020s,172.266,0.307977,2647.776,Anirudh Ravichander
IdQilHNR,Bum Baa Diga Diga,"Anirudh Ravichander, Vedan, Heisenberg",DC (Original Motion Picture Soundtrack),tamil,2026.0,2020s,172.266,0.307977,2647.776,Anirudh Ravichander
njYEPZ_4,Nee Singam Dhan,"A.R. Rahman, Sid Sriram, Vivek",Pathu Thala,tamil,2023.0,2020s,95.703,0.183812,2011.23,A.R. Rahman Tamil
o6NgFBE1,Innum Konjam Neram,"A.R. Rahman, Vijay Prakash, Shweta Mohan, Kabilan",Maryan,tamil,2013.0,2010s,89.103,0.117598,1395.283,A.R. Rahman Tamil
d9qd_l6T,"Kannae Kanmaniye (From ""Tere Ishk Mein"")","Mashook Rahman, A.R. Rahman",World Music Day - Top 10 Tamil Superhits,tamil,2026.0,2020s,135.999,0.122937,1749.853,A.R. Rahman Tamil
_doTKMAV,"Kannae Kanmaniye (From ""Tere Ishk Mein"")","A.R. Rahman, Mashook Rahman",Kollywood Mass Superhits,tamil,2026.0,2020s,135.999,0.122937,1749.853,A.R. Rahman Tamil
LtN-B6x1,Kannae Kanmaniye,"A.R. Rahman, Mashook Rahman",Tere Ishk Mein (Tamil),tamil,2025.0,2020s,135.999,0.122937,1749.853,A.R. Rahman Tamil
4avYOssB,Naan Un,"A.R. Rahman, Arijit Singh, Chinmayi, Madhan Karky",This is Kaadhal,tamil,2026.0,2020s,95.703,0.0912,1092.701,A.R. Rahman Tamil
COdvpif0,Naan Un,"A.R. Rahman, Arijit Singh, Chinmayi, Madhan Karky",24 (Tamil),tamil,2025.0,2020s,95.703,0.0912,1092.701,A.R. Rahman Tamil
VF4bXxJA,Ennodu Nee Irundhaal,"Kabilan, A.R. Rahman, Sid Sriram, Sunitha Sarathy",I,tamil,2014.0,2010s,161.499,0.11789,1475.312,A.R. Rahman Tamil
QVQ0916P,Aaruyire,"A.R. Rahman, Chinmayi, Murtuza Khan, Qadir Khan, Vairamuthu",Guru,tamil,2006.0,2000s,143.555,0.162232,2048.635,A.R. Rahman Tamil
yUZ3NR9R,Anbae Anbae,"A.R. Rahman, Hariharan, Anuradha Sriram",Jeans,tamil,1998.0,1990s,123.047,0.127026,2199.603,A.R. Rahman Tamil
Vc9gmsiG,Abbanee,"Ilaiyaraaja, S.P. Balasubrahmanyam",Jagadekaveerudu Athiloka Sundari,telugu,1990.0,1990s,129.199,0.102677,2606.369,Ilaiyaraaja
tXJF4VW1,Hallo Guru,S.P. Balasubrahmanyam,Nirnayam,telugu,1991.0,1990s,123.047,0.262467,2333.015,Ilaiyaraaja
H6rCFYql,Subhalekha,"S.P. Balasubrahmanyam, K. S. Chithra",Kondaveeti Donga,telugu,1990.0,1990s,107.666,0.168662,2045.899,Ilaiyaraaja
A-_BzwSw,Balapam Patti,"Ilaiyaraaja, K. S. Chithra, S.P. Balasubrahmanyam",Bobbili Raja,telugu,1990.0,1990s,92.285,0.162526,2906.773,Ilaiyaraaja
s969Twv0,Priya Priyathama,"Mano, K. S. Chithra",Killer,telugu,1991.0,1990s,117.454,0.196516,1893.72,Ilaiyaraaja
53uatBgG,Priyatama,"Ilaiyaraaja, S. Janaki, S.P. Balasubrahmanyam",Jagadekaveerudu Athiloka Sundari,telugu,1990.0,1990s,123.047,0.112696,2629.456,Ilaiyaraaja
radxAM-a,"Jotheyali (From ""Geetha"")","S P Balasubrahmanyam, S. Janaki",Valentine Week Promise Day Kannada Hits,kannada,2026.0,2020s,117.454,0.155211,2018.888,Ilaiyaraaja
3cG99nju,"Jotheyali (From ""Geetha"")","S P Balasubrahmanyam, S. Janaki",Best Of 80'S Kannada Hits,kannada,2025.0,2020s,117.454,0.155211,2018.888,Ilaiyaraaja
gU0XIhb6,JOTHEYALI,"S. Janaki, S. P. Balasubrahmanyam",GEETHA,kannada,1981.0,1980s,117.454,0.154804,2011.99,Ilaiyaraaja
gY6JGABJ,Sundari Neeve,"Ilaiyaraaja, S.P. Balasubrahmanyam, K. S. Chithra",Dalapathi,telugu,1992.0,1990s,117.454,0.088356,1608.965,Ilaiyaraaja
gauKpPS3,Vazhithunaiye,"Sid Sriram, Sanjana Kalmanje",Dragon (Original Motion Picture Soundtrack),tamil,2025.0,2020s,103.359,0.180184,2120.717,Sid Sriram Tamil
eUmCyCGB,Yaen Ennai Pirindhaai,Sid Sriram,Adithya Varma,tamil,2019.0,2010s,151.999,0.075326,1525.483,Sid Sriram Tamil
txJzyB7r,Mudhal Nee Mudivum Nee Title Track,"Darbuka Siva, Sid Sriram, Thamarai",Mudhal Nee Mudivum Nee,tamil,2021.0,2020s,64.6,0.061253,1588.34,Sid Sriram Tamil
ARooA1ip,Mudhal Nee Mudivum Nee Title Track,"Darbuka Siva, Sid Sriram, Thamarai",This is Kaadhal,tamil,2026.0,2020s,64.6,0.061253,1588.34,Sid Sriram Tamil
2WDzMpHM,Kadhaippoma,"Leon James, Sid Sriram, Ko Sesha",Oh My Kadavule,tamil,2020.0,2020s,89.103,0.14853,1812.998,Sid Sriram Tamil
XOUOUCKi,Kadhaippoma,"Leon James, Sid Sriram, Ko Sesha",This is Kaadhal,tamil,2026.0,2020s,89.103,0.14853,1812.998,Sid Sriram Tamil
ag_51MLX,"The One (From ""Retro"")","Vivek, Sid Sriram, Santhosh Narayanan, SVDP","The One (From ""Retro"")",tamil,2025.0,2020s,129.199,0.132814,1891.633,Sid Sriram Tamil
5d8JWybF,"The One (From ""Retro"")","Vivek, Santhosh Narayanan, Sid Sriram, SVDP",World Music Day - Top 10 Tamil Superhits,tamil,2026.0,2020s,129.199,0.132814,1891.633,Sid Sriram Tamil
LLF5ZxnQ,Chiru Chiru,"Yuvan Shankar Raja, Haricharan, Sagar Desai, Chandra Bose",Awaara,telugu,2013.0,2010s,123.047,0.119263,1787.054,Yuvan Shankar Raja
74R4MeGN,Allantha Doorala,"Yuvan Shankar Raja, S.P. Balasubrahmanyam",Aadavari Matalaku Ardhalu Veruley,telugu,2007.0,2000s,112.347,0.08615,1815.794,Yuvan Shankar Raja
jWcZ0-E4,Gulabi Kallu Rendu Mullu,"Yuvan Shankar Raja, Javed Ali",Govindudu Andarivaadele,telugu,2014.0,2010s,143.555,0.133948,1748.59,Yuvan Shankar Raja
ncBHw-c5,Suttamla Soosi,"Anurag Kulkarni, Yuvan Shankar Raja",Gangs Of Godavari,telugu,2024.0,2020s,123.047,0.143231,2709.398,Yuvan Shankar Raja
o5zkli63,Pilla Padesaave,"Yuvan Shankar Raja, Haricharan",Love Today (Telugu),telugu,2022.0,2020s,107.666,0.080921,2294.542,Yuvan Shankar Raja
TfW0bbt7,Nee Yadalo Naaku,"Yuvan Shankar Raja, Sagar Desai, Vennelakanti",Awaara,telugu,2013.0,2010s,103.359,0.14611,1668.824,Yuvan Shankar Raja
-2OC0xJ3,Ee Raathale,"Yuvan Shankar Raja, Harini Ivaturi",Radhe Shyam,telugu,2022.0,2020s,123.047,0.103581,1992.524,Yuvan Shankar Raja
o9su8Mt4,Manmadha,K. S. Chithra,Manmadha,telugu,2005.0,2000s,117.454,0.144354,2853.932,Yuvan Shankar Raja
6okFZZRr,Thuli Thuli,"Tanvi Shah, Yuvan Shankar Raja, Haricharan, Na. Muthukumar",Paiya,tamil,2012.0,2010s,123.047,0.114227,1801.221,Yuvan Shankar Raja
n9QhuVJK,Oy..Oy,"Siddharth, Prasanthini",Oy!,telugu,2009.0,2000s,68.0,0.088266,1899.04,Yuvan Shankar Raja
O_iU1zto,Ola Olaala Ala,"Ranina Reddy, N.C. Karunya",Orange,telugu,2010.0,2010s,117.454,0.127416,2520.233,Harris Jayaraj
c5jJL3zu,Cheliya Cheliya,"Harris Jayaraj, KK, Suchitra",Gharshana (New),telugu,2004.0,2000s,135.999,0.147774,3245.62,Harris Jayaraj
JNsjO8ep,Rooba Rooba,"Chinmayi Sripada, Shahil Hada",Orange,telugu,2010.0,2010s,103.359,0.108925,1576.718,Harris Jayaraj
059HTRVM,Manassa,"Harris Jayaraj, Haricharan",Munna,telugu,2007.0,2000s,99.384,0.131583,2230.636,Harris Jayaraj
WEQu2WTS,Oka Maru Kalisina Andam,"Karthik, Harris Jayaraj",Ghajini,telugu,2005.0,2000s,112.347,0.118733,3206.744,Harris Jayaraj
p4NdFSLw,Endhuko Emo,"Aalap Raju, Prashanthini",Rangam,telugu,2011.0,2010s,92.285,0.181653,1534.488,Harris Jayaraj
WwPN7nVM,Nenu Nuvvantu,"Nadeesh, Naresh Iyer, U.V. Jackey",Orange,telugu,2010.0,2010s,92.285,0.164008,2534.091,Harris Jayaraj
1nnqhygS,Zara Zara,Bombay Jayashri,Rehnaa Hai Terre Dil Mein,hindi,2001.0,2000s,143.555,0.091768,2321.823,Harris Jayaraj
foP6T2zm,Nemali Kulukula,"P. Unnikrishnan, Shweta Mohan",Rangam,telugu,2011.0,2010s,198.768,0.121211,2272.942,Harris Jayaraj
uKQpSw_8,Hello Rammante,"Vijay Prakash, Devan Ekambaram, D. Burns",Orange,telugu,2010.0,2010s,112.347,0.169199,2533.845,Harris Jayaraj
hv1H8MG_,"Pavazha Malli (From ""Think Indie"")","Vivek, Sai Abhyankkar, Shruti Haasan","Pavazha Malli (From ""Think Indie"")",tamil,2026.0,2020s,135.999,0.131877,2403.826,Tamil Hits
AgeRwxTb,Arabic Kuthu - Halamithi Habibo,"Anirudh Ravichander, Jonita Gandhi",Beast,tamil,2022.0,2020s,123.047,0.175281,2194.693,Tamil Kuthu
Lnl6Sbfa,Kuthu Vilakku,Ujjaini Mukherjee,Tamizh Padam (Original Motion Picture Soundtrack),tamil,2009.0,2000s,143.555,0.149372,1673.571,Tamil Kuthu
03UouKNa,Kuthunava,Gana Mani,Kuthunava,tamil,2025.0,2020s,112.347,0.158817,1855.272,Tamil Kuthu
mXQLtmGw,Pottu Thakku,"Silambarasan TR, Roshini, Sri",Kuthu,tamil,2004.0,2000s,86.133,0.102249,2175.663,Tamil Kuthu
DDAhxkXS,Mansion Kuthu,"Bakkiyam Sankar, Sean Roldan, Anthony Daasan",29,tamil,2026.0,2020s,78.303,0.193084,2306.559,Tamil Kuthu
MhoJVys-,"Mansion Kuthu (From ""29"")","Bakkiyam Sankar, Sean Roldan, Anthony Daasan","Mansion Kuthu (From ""29"")",tamil,2026.0,2020s,78.303,0.193084,2306.559,Tamil Kuthu
hl_KEJsB,Kuthu,Haakash,Kuthu,tamil,2019.0,2010s,117.454,0.224014,1977.6,Tamil Kuthu
beZNMEy7,Kuthu Vizhakaga,"S.P. Balasubrahmanyam, S. Janaki",Cooliekkaran,tamil,1987.0,1980s,151.999,0.096931,2401.456,Tamil Kuthu
B6kKZaYL,Otha Viral Kattuna,"Shankar Mahadevan, Sri",Kuthu,tamil,2004.0,2000s,117.454,0.170742,3159.581,Tamil Kuthu
rSZUg6p4,Amma Kuthu,Surmughi,Vilayattu Padalgal,tamil,2015.0,2010s,112.347,0.184717,2053.837,Tamil Kuthu
0eqUIkMp,Uppenantha,"Devi Sri Prasad, KK, Balaji",Aarya - 2,telugu,2009.0,2000s,172.266,0.197836,2025.608,Devi Sri Prasad
0jQi4RJN,"Peelings (From ""Pushpa 2 The Rule"")","Shankarr Babu Kandukoori, Laxmi Dasa",Top 10 Dance Dhamaka Hits,telugu,2025.0,2020s,135.999,0.137268,2475.815,Devi Sri Prasad
fxuoxZ18,Peelings (Telugu),"Devi Sri Prasad, Shankarr Babu Kandukoori, Laxmi Dasa, Chandrabose, Siju Thuravoor",Pushpa 2 The Rule - (Telugu),telugu,2024.0,2020s,135.999,0.137268,2475.815,Devi Sri Prasad
--YuvS1T,Mellaga,"Devi Sri Prasad, S.P. Charan, Sumangali",Varsham,telugu,2003.0,2000s,161.499,0.117087,1715.757,Devi Sri Prasad
FTdmQ-Wt,Gongoora Thota,"Pushpavanam Kuppusamy, Kalpana",Venky,telugu,2004.0,2000s,95.703,0.129581,2592.449,Devi Sri Prasad
elKqtU3X,Love Me Again,"Sooraj Santhosh, Devi Sri Prasad",Nannaku Prematho,telugu,2015.0,2010s,123.047,0.261125,1772.523,Devi Sri Prasad
9N5Wxv_C,Niluvaddham,"Karthik, Sumangali",Nuvvostanante Nenoddantana,telugu,2014.0,2010s,95.703,0.061742,1605.0,Devi Sri Prasad
iqh15kuU,Bujji Thalli,"Devi Sri Prasad, Javed Ali",Thandel,telugu,2024.0,2020s,103.359,0.07892,1353.88,Devi Sri Prasad
wI_6PzCY,Jennifer Lopez,"Benny Dayal, Priya",Jalsa,telugu,2008.0,2000s,92.285,0.132236,2821.439,Devi Sri Prasad
BgqPmnlD,Apudo Ipudo,"Devi Sri Prasad, Siddharth",Bommarillu,telugu,2000.0,2000s,135.999,0.110844,2677.065,Devi Sri Prasad
mkC0cHKP,"Sahana Sahana (From ""The Rajasaab"")  - Telugu","Thaman S, Vishal Mishra, Sruthi Ranjani, Krishna Kanth","Sahana Sahana (From ""The Rajasaab"") - Telugu",telugu,2025.0,2020s,129.199,0.147129,1372.771,Thaman S
8hiY9MGP,"Sahana Sahana (From ""The Rajasaab"")","Krishna Kanth, Thaman S, Vishal Mishra, Sruthi Ranjani",Its Time For Monsoon Romance,telugu,2026.0,2020s,129.199,0.147129,1372.771,Thaman S
i77wYuF6,"Sahana Sahana (From ""The Rajasaab"")","Vishal Mishra, Thaman S, Sruthi Ranjani, Krishna Kanth",Prema Kavithalu - 2026 Valentines Day Special,telugu,2026.0,2020s,129.199,0.147129,1372.771,Thaman S
04gTb-yb,Sahana Sahana,"Thaman S, Vishal Mishra, Sruthi Ranjani, Krishna Kanth",The Rajasaab - Telugu,telugu,2026.0,2020s,129.199,0.147129,1372.771,Thaman S
bRfXn5Ou,"Sahana Sahana (From ""The Rajasaab"")","Krishna Kanth, Thaman S, Vishal Mishra, Sruthi Ranjani",Summer Hot Romatic Waves,telugu,2026.0,2020s,129.199,0.147129,1372.771,Thaman S
PN8KGyou,Sarkaru Raa,Thaman S,Daaku Maharaaj,telugu,2024.0,2020s,103.359,0.184729,2186.26,Thaman S
Xn7l87Dl,Firestorm,"Thaman S, Str, Raja Kumari, Deepak Blue, Nazeeruddin, Bharath Raj Ravula",They Call Him OG,telugu,2025.0,2020s,99.384,0.149753,2087.086,Thaman S
VBXZqRZE,"Chinni Chinni (From ""Itllu Arjuna"")","Thaman S, Mohit Chauhan, Kalyan Chakravarthy","Chinni Chinni (From ""Itllu Arjuna"")",telugu,2026.0,2020s,129.199,0.156205,1943.319,Thaman S
9rWEA-Y1,Kung Fu Kumaari,"Deepak, Ramya Behara",Telugu Dance Mix,telugu,2026.0,2020s,129.199,0.178121,3160.748,Thaman S
_W7SsD_M,Kung Fu Kumaari,"Deepak, Ramya Behara",Bruce Lee,telugu,2018.0,2010s,129.199,0.177154,3162.532,Thaman S
A7AAUlh8,Nijame Ne Chebutunna,Sid Sriram,Ooru Peru Bhairavakona,telugu,2023.0,2020s,99.384,0.130953,1093.862,Sid Sriram Telugu
kehuVn2F,Maate Vinadhuga,Sid Sriram,Taxiwaala,telugu,2018.0,2010s,107.666,0.104844,1532.384,Sid Sriram Telugu
KTxkVwWk,Urike Urike,"M.M. Sreelekha, Sid Sriram, Ramya Behara","Urike Urike (From ""Hit 2"")",telugu,2022.0,2020s,112.347,0.083924,1659.984,Sid Sriram Telugu
1xj-eQct,Baguntundhi Nuvvu Navvithe,"Sekhar Chandra, Sid Sriram, Nutana Mohan, Bhaskarbhatla Ravikumar",Atithi Devobhava,telugu,2022.0,2020s,123.047,0.146847,1506.788,Sid Sriram Telugu
aJrZwjc_,Vachindamma,Sid Sriram,Geetha Govindam,telugu,2018.0,2010s,123.047,0.092955,2705.741,Sid Sriram Telugu
KzIqP1Ah,Prema Velluva,"Krishna Kanth, Mickey J. Meyer, Sid Sriram, Nutana Mohan",Hit - 3 (Telugu),telugu,2025.0,2020s,143.555,0.062073,2421.469,Sid Sriram Telugu
MLnY_aNo,Arerey Manasa,"Vivek Sagar, Sid Sriram, Kittu Vissapragada",Falaknuma Das,telugu,2019.0,2010s,107.666,0.096836,1949.255,Sid Sriram Telugu
DK808b4x,Kalalo Kooda,"Tanishk Bagchi, Sid Sriram, Vaishnavi Kovvuri, Bhaskarbhatla Ravikumar",Liger (Telugu),telugu,2022.0,2020s,53.833,0.156871,2006.423,Sid Sriram Telugu
gfZ4vKNM,Kumkumala,"Pritam, Sid Sriram, Chandra Bose",Brahmastra (Telugu),telugu,2022.0,2020s,184.57,0.117991,1214.371,Sid Sriram Telugu
Mm_PiKF2,Dheemthanana,Sid Sriram,Urvasivo Rakshasivo,telugu,2022.0,2020s,71.777,0.122539,1797.883,Sid Sriram Telugu
nfbGZ-ZK,Rabbaru Gagulu,"Daler Mehandi, Pranavi",Yamadonga,telugu,2007.0,2000s,135.999,0.112547,2506.45,M.M. Keeravani
Apmczl5_,A Vachi B Pai,"M. M. Keeravani, Mathangi",Chatrapathi,telugu,2000.0,2000s,112.347,0.12582,2830.539,M.M. Keeravani
eyWGrZB0,Kastha Ninu,"S. P. Balasubrahmanyam, K. S. Chithra",Student No. 1,telugu,2000.0,2000s,92.285,0.147905,1999.428,M.M. Keeravani
AZxUjUTk,Vinaro Bhagyamu,"Annamayya Keerthana, S.P. Balasubrahmanyam, Srilekha Keeravani Anuradha, Anand, Gangadhar, Renuka Purnachandhar, Sujatha Mohan, Anand Bhattacharya",Annamayya,telugu,1997.0,1990s,184.57,0.225131,1500.278,M.M. Keeravani
2eRgS8dv,Bussekki Vastavo,"M. M. Keeravani, K. S. Chithra, S.P. Balasubrahmanyam",Seethaiah,telugu,2003.0,2000s,117.454,0.151689,2207.327,M.M. Keeravani
zm7fYozG,Jadu Hai Nasha Hai (Female Version),Shreya Ghoshal,Jism,hindi,2003.0,2000s,95.703,0.090268,2215.771,M.M. Keeravani
INCrQSKw,"Manohari (From ""Baahubali - The Beginning"")","Mohana Bhogaraju, Revanth",Telugu Party Songs,telugu,2025.0,2020s,161.499,0.156908,2415.995,M.M. Keeravani
bCkBg2yO,"Manohari (From ""Baahubali - The Beginning"")","Mohana Bhogaraju, Revanth",Prabhas Birthday Special Songs,telugu,2025.0,2020s,161.499,0.156908,2415.995,M.M. Keeravani
WOVjbSrV,Manohari,"Mohana Bhogaraju, Revanth",Baahubali - The Beginning (Telugu),telugu,2015.0,2010s,161.499,0.156908,2415.995,M.M. Keeravani
yKRVqPYk,"Rana Kumbha (From ""Varanasi"")","Chaitanya Prasad, M.M. Keeravaani, Aditya Iyengar","Rana Kumbha (From ""Varanasi"")",telugu,2025.0,2020s,89.103,0.093891,1297.502,M.M. Keeravani
_Op_JFcG,Mallepoola Pallaki,"G.V. Prakash Kumar, Sunkara Anjaneyulu, Dappu Srinu, Chowdam Srinivasa Rao",Irumudi,telugu,2026.0,2020s,99.384,0.174079,1938.025,Telugu Hits
tgeJq2Zt,Irumudi Kattu,"G.V. Prakash Kumar, Ananthu, Shiva Nirvana, Kalyan Chakravarthy",Irumudi,telugu,2026.0,2020s,89.103,0.118164,2901.115,Telugu Hits
oxSiV7mG,"Mallepoola Pallaki (From ""Irumudi"")","G.V. Prakash Kumar, Dappu Srinu, Chowdam Srinivasa Rao, Sunkara Anjaneyulu","Mallepoola Pallaki (From ""Irumudi"")",telugu,2026.0,2020s,99.384,0.174079,1938.025,Telugu Hits
KLmOLxT3,Basinga Balaalu,"Kalyan Keys, Swamy Naresh, Srinidhi Nerella",Basinga Balaalu,telugu,2026.0,2020s,123.047,0.219538,2375.46,Telugu Hits
H6dQcAuZ,Yaalalo Yaalalo,"G.V. Prakash Kumar, Hesham Abdul Wahab, Sadhika K R, Anantha Sreeram",Irumudi,telugu,2026.0,2020s,89.103,0.153834,1752.61,Telugu Hits
dyVYT1Mk,"Neno Butterfly (From ""Vishwanath & Sons"")","G.V. Prakash Kumar, Sublahshini","Neno Butterfly (From ""Vishwanath & Sons"")",telugu,2026.0,2020s,161.499,0.149314,1881.201,Telugu Hits
9Z6PCiLH,"Irumudi Kattu (From ""Irumudi"")","G.V. Prakash Kumar, Ananthu, Shiva Nirvana, Kalyan Chakravarthy","Irumudi Kattu (From ""Irumudi"")",telugu,2026.0,2020s,89.103,0.118164,2901.115,Telugu Hits
NEBgg__6,Neno Butterfly,"G.V. Prakash Kumar, Sublahshini",Vishwanath & Sons (Telugu),telugu,2026.0,2020s,161.499,0.149314,1881.201,Telugu Hits
q_lU4K5T,Karthika Maasam,"G.V. Prakash Kumar, Shiva Nirvana",Irumudi,telugu,2026.0,2020s,107.666,0.140474,1943.435,Telugu Hits
gg4XX-w5,Kallajodu Collage Papa (Telugu Folk Song),Kondu Sagar Exclusive,Kallajodu Collage Papa (Telugu Folk Song),telugu,2021.0,2020s,143.555,0.284968,3074.881,Telugu Folk
MJdwMWd5,Lachimi Na Chinni Lachimi,Shankar Babu,Telugu Folk Dj Songs  Vol 2,telugu,2017.0,2010s,86.133,0.270809,2762.766,Telugu Folk
yMTmCYgQ,Sara Saramma Sara,Saichand,Telugu Folk Dj Songs  Vol 4,telugu,2017.0,2010s,86.133,0.191023,2678.265,Telugu Folk
Q3zDNhoj,Allalla Nerala Neriyalo,Anilkumar,"Telugu Folk DJ Songs, Vol. 2",telugu,2017.0,2010s,99.384,0.248,2346.342,Telugu Folk
lEcJ77bw,Chilukuri Gudi Kaada,Shankar Babu,Telugu Folk Dj Songs  Vol 4,telugu,2017.0,2010s,78.303,0.301809,3008.19,Telugu Folk
JoiXf6wl,Kallu Kallu Antu Kalavaristavu,Laxman,"Telugu Folk DJ Songs, Vol. 2",telugu,2017.0,2010s,135.999,0.210717,3148.506,Telugu Folk
QnTnn9dE,Erra Errani Dana,Devaiah,Telugu Folk Dj Songs  Vol 4,telugu,2017.0,2010s,99.384,0.331993,2722.935,Telugu Folk
gOCtFylB,Ekkada Konnave,komali,Telugu Folk Dj Songs  Vol 4,telugu,2017.0,2010s,86.133,0.294543,3226.606,Telugu Folk
rQPd1rGv,Raye Raye Mardala,Garjana,Telugu Folk Dj Songs  Vol 2,telugu,2017.0,2010s,151.999,0.446737,2116.697,Telugu Folk
hI5y_XqU,Varsaina Dana O Attakutura,Vadlakonda Anilkumar,Telugu Folk Songs Telangana Janapadalu Vol - 6,telugu,2025.0,2020s,143.555,0.086622,2585.616,Telugu Folk
wBgCQQ_6,Illuminati,"Vinayak Sasikumar, Sushin Shyam, Dabzee",Aavesham (Original Motion Picture Soundtrack),malayalam,2024.0,2020s,135.999,0.131734,1916.456,Sushin Shyam
ptYUdzEG,Armadham,"Vinayak Sasikumar, Sushin Shyam, Pranavam Sasi",Aavesham (Original Motion Picture Soundtrack),malayalam,2024.0,2020s,143.555,0.199579,1380.489,Sushin Shyam
DUjOqjSk,Kuthanthram,"Vedan, Sushin Shyam",Manjummel Boys (Original Motion Picture Soundtrack),malayalam,2024.0,2020s,92.285,0.188544,1821.425,Sushin Shyam
TP5UDq7I,Odimaga,"Vinayak Sasikumar, Sushin Shyam, Nazriya Nazim",Aavesham (Original Motion Picture Soundtrack),malayalam,2024.0,2020s,76.0,0.111731,1917.932,Sushin Shyam
kZ4K6DKx,Be Notorious (Title Track),"Hamsika Iyer, Yogi B",Bheeshma Parvam,malayalam,2023.0,2020s,95.703,0.042542,1866.059,Sushin Shyam
rDmyrUrj,Mathapithakkale,"MC Couper, Vinayak Sasikumar, Sushin Shyam, Malayali Monkeys",Aavesham (Original Motion Picture Soundtrack),malayalam,2024.0,2020s,151.999,0.138134,1921.805,Sushin Shyam
j1zK3CAK,"Engotta (From ""Balan - The Boy"")","Anwar Ali, Sushin Shyam","Engotta (From ""Balan - The Boy"")",malayalam,2026.0,2020s,184.57,0.102447,1147.715,Sushin Shyam
RRo9528e,Engotta,"Anwar Ali, Sushin Shyam",Balan - The Boy (Original Motion Picture Soundtrack),malayalam,2026.0,2020s,184.57,0.102447,1147.715,Sushin Shyam
4tpEcBbk,Aadharanjali,"Sushin Shyam, Madhuvanthi Narayan",Romancham,malayalam,2023.0,2020s,151.999,0.144815,1807.804,Sushin Shyam
JkEtsMPN,Jaada,"Vinayak Sasikumar, Sushin Shyam, Sreenath Bhasi",Aavesham (Original Motion Picture Soundtrack),malayalam,2024.0,2020s,89.103,0.163795,1598.597,Sushin Shyam
H7EycWMS,"Yaalalo Yaalalo (From ""Irumudi"")","G.V. Prakash Kumar, Hesham Abdul Wahab, Sadhika K R, Anantha Sreeram","Yaalalo Yaalalo (From ""Irumudi"")",telugu,2026.0,2020s,89.103,0.153834,1752.61,Hesham Abdul Wahab
-Rod5jl4,"Manasa Vacha (From ""EPIC - First Semester"")","S.P.B. Charan, K. S. Chithra","Manasa Vacha (From ""EPIC - First Semester"")",telugu,2026.0,2020s,107.666,0.117956,1782.608,Hesham Abdul Wahab
Vv39UvCz,"Samayama (From ""Hi Nanna"")","Hesham Abdul Wahab, Anurag Kulkarni, Sithara Krishnakumar, Anantha Sriram","Samayama (From ""Hi Nanna"")",telugu,2023.0,2020s,112.347,0.206795,2213.115,Hesham Abdul Wahab
114-aLc2,"Samayama (From ""Hi Nanna"")","Anurag Kulkarni, Sithara Krishnakumar, Hesham Abdul Wahab, Anantha Sriram",2026 - Tollywood - The Valentine Special,telugu,2026.0,2020s,112.347,0.206795,2213.115,Hesham Abdul Wahab
_z1XMUvz,"Andhamaa Andhamaa (From ""8 Vasantalu"")","Hesham Abdul Wahab, Aavani Malhar",Celebration With Top 10 Romantic Hits,telugu,2025.0,2020s,86.133,0.101561,1776.506,Hesham Abdul Wahab
spfr6-Bz,Andhamaa Andhamaa,"Hesham Abdul Wahab, Aavani Malhar",8 Vasantalu,telugu,2025.0,2020s,86.133,0.101561,1776.506,Hesham Abdul Wahab
A616Irfb,"Andhamaa Andhamaa (From ""8 Vasantalu"")","Vanamaali, Hesham Abdul Wahab, Aavani Malhar",Its Time For Monsoon Romance,telugu,2026.0,2020s,86.133,0.101561,1776.506,Hesham Abdul Wahab
xJVO1Mf0,Darshana,"Hesham Abdul Wahab, Darshana Rajendran",Hridayam (Side A),malayalam,2022.0,2020s,99.384,0.092017,996.952,Hesham Abdul Wahab
mGfJJZC7,Aradhya,"Hesham Abdul Wahab, Sid Sriram, Chinmayi Sripaada",Kushi (Telugu),telugu,2023.0,2020s,107.666,0.264236,1620.148,Hesham Abdul Wahab
N1y1U-dg,Entammede Jimikki Kammal,"Shaan Rahman, Vineeth Sreenivasan, Renjith Unni",Velipadinte Pusthakam,malayalam,2024.0,2020s,117.454,0.145642,1902.976,Vineeth Sreenivasan
yC__t0NH,"Vellarathaaram (From ""Sarvam Maya"")","Vineeth Sreenivasan, Justin Prabhakaran, Manu Manjith","Vellarathaaram (From ""Sarvam Maya"")",malayalam,2025.0,2020s,129.199,0.058748,1073.047,Vineeth Sreenivasan
rsb5FiXR,Vellarathaaram,"Vineeth Sreenivasan, Justin Prabhakaran, Manu Manjith",Sarvam Maya (Original Motion Picture Soundtrack),malayalam,2026.0,2020s,129.199,0.058748,1073.047,Vineeth Sreenivasan
CJwgn2FY,Parayathe Vannen,"Deepak Dev, M.G. Sreekumar, Vineeth Sreenivasan",Bro Daddy,malayalam,2022.0,2020s,184.57,0.140115,1619.198,Vineeth Sreenivasan
v97wbkxB,Mounam Chorum Neram,Rinu Razak,Ohm Shanthi Oshaana (Original Motion Picture Soundtrack),malayalam,2014.0,2010s,95.703,0.118921,2178.841,Vineeth Sreenivasan
jpsPFVxI,Kudukku,"Vineeth Sreenivasan, Shaan Rahman",Love Action Drama,malayalam,2019.0,2010s,103.359,0.109263,2365.365,Vineeth Sreenivasan
hXifmMHC,Kattu Mooliyo,Vineeth Sreenivasan,Ohm Shanthi Oshaana (Original Motion Picture Soundtrack),malayalam,2014.0,2010s,135.999,0.129694,2191.447,Vineeth Sreenivasan
gIycwIz7,Anuraagathin Velayil,"Shaan Rahman, Vineeth Sreenivasan",Thattathin Marayathu,malayalam,2024.0,2020s,99.384,0.075131,1454.729,Vineeth Sreenivasan
0ZHqYk5M,Anuraagathin Velayil,"Shaan Rahman, Vineeth Sreenivasan",Vineeth Sreenivasan Love Songs,malayalam,2026.0,2020s,99.384,0.075131,1454.729,Vineeth Sreenivasan
ZpyWijJz,Karineela Kannilenthedi,"Vineeth Sreenivasan, Sujatha Mohan",Hits of M Jayachandran,malayalam,2020.0,2020s,172.266,0.162865,2855.338,Vineeth Sreenivasan
khJniFd0,KALYANI,"ARJN, KDS, FIFTY4, ronn",KALYANI (Remix),malayalam,2026.0,2020s,129.199,0.106327,1168.435,Malayalam Hits
y-0pauOM,KALYANI,"ARJN, KDS, FIFTY4, ronn",KALYANI,malayalam,2025.0,2020s,129.199,0.106327,1168.435,Malayalam Hits
BgmrcrEp,Badass,"Anirudh Ravichander, Sri Krishna, Sai Charan",Leo (Malayalam),malayalam,2023.0,2020s,184.57,0.06644,2647.677,Malayalam Hits
sAFguicZ,Amsham - അംശം,"Aksomaniac, M.H.R, Bhumi, Circle Tone",Amsham - അംശം,malayalam,2026.0,2020s,151.999,0.25605,2510.19,Malayalam Hits
RUcr3T73,Amsham - അംശം,"Aksomaniac, M.H.R, Bhumi, Circle Tone",Amsham - അംശം,malayalam,2026.0,2020s,151.999,0.25605,2510.19,Malayalam Hits
2DYykVUF,Minnalvala,"Sid Sriram, Sithara Krishnakumar, Jakes Bejoy",Narivetta,malayalam,2025.0,2020s,129.199,0.118308,1717.209,Malayalam Hits
ppoR2W0B,"Asalayavale (From ""Khalifa"")","Jakes Bejoy, Sid Sriram, Mohammed Maqbool Mansoor, Muthu","Asalayavale (From ""Khalifa"")",malayalam,2026.0,2020s,99.384,0.164053,1685.954,Malayalam Hits
05rDPcu7,Bangle Bangari,"Charan Raj, Nagarjun Sharma, Anthony Daasan",Ekka (Original Motion Picture Soundtrack),kannada,2025.0,2020s,172.266,0.133705,2612.36,Charan Raj
jn9QDBym,"Kandamma Kandamma (From ""CityLights"")","Charan Raj, Nagarjun Sharma, Sanjith Hegde","Kandamma Kandamma (From ""CityLights"")",kannada,2026.0,2020s,123.047,0.104175,1909.498,Charan Raj
H281mzJ9,Don't Worry Baby Chinnamma,"Nagarjun Sharma, Gana Muthu",Bheema (Original Motion Picture Soundtrack),kannada,2024.0,2020s,69.837,0.10806,2083.409,Charan Raj
ADYYdQ6F,"Bad Boys (From ""Bheema"")","Rahul Dit-o, MC Bijju, Nagarjun Sharma",Duniya Vijay Hit Songs,kannada,2025.0,2020s,161.499,0.132441,2506.632,Charan Raj
rhntvmcm,Bad Boys,"Rahul Dit-o, MC Bijju, Nagarjun Sharma",Bheema (Original Motion Picture Soundtrack),kannada,2024.0,2020s,161.499,0.132441,2506.632,Charan Raj
VnWBQgLH,"Maleye Maleye (From ""Salaga"")","Sanjith Hegde, Aishwarya Rangarajan, Charan Raj","Maleye Maleye (From ""Salaga"")",kannada,2020.0,2020s,117.454,0.073661,1772.198,Charan Raj
WTH2-jBv,"Badukina Bannave (From ""Tagaru"")",Siddhartha Belmannu,Jayanth Kaikini Janapriya Haadugalu,kannada,2021.0,2020s,123.047,0.048551,1684.971,Charan Raj
WUa8KCL1,Maadeva,"Sanjith Hegde, Hanumankind, Charan Raj",Popcorn Monkey Tiger,kannada,2020.0,2020s,172.266,0.043842,2504.88,Charan Raj
yOkiDsAK,"Balma (From ""Tagaru"")","Charan Raj, Siddhartha Belmannu",Jayanth Kaikini Janapriya Haadugalu,kannada,2021.0,2020s,135.999,0.08961,1527.554,Charan Raj
K1znVHQQ,"Love You Kane Love You Too Kano (From ""Bheema"")","Charan Raj, VAISH, Kaviraj",Duniya Vijay Hit Songs,kannada,2025.0,2020s,95.703,0.142362,1498.865,Charan Raj
BKMtFWnn,Naane Neenanthe,"Arjun Janya, Shashank, Sid Sriram, Lahari Mahesh",BRAT (Original Motion Picture Soundtrack),kannada,2026.0,2020s,135.999,0.13703,1977.403,Arjun Janya
6PXDJ5N7,"Naane Neenanthe (From ""BRAT"")","Arjun Janya, Shashank, Sid Sriram, Lahari Mahesh","Naane Neenanthe (From ""BRAT"")",kannada,2025.0,2020s,135.999,0.13703,1977.403,Arjun Janya
AOYQsXKr,Avarivarajothe,"Sonu Nigam, Anuradha Bhat",Jarasandha,kannada,2011.0,2010s,112.347,0.172362,2462.346,Arjun Janya
QwZUhYfc,Hoovina Santhege,"Sonu Nigam, Shreya Ghoshal",Lucky,kannada,2012.0,2010s,184.57,0.128368,2219.969,Arjun Janya
hNLIaENh,"Hoovina Santhege (From ""Lucky"")","Jayanth Kaikini, Sonu Nigam, Shreya Goshal, V. Harikrishna, Arjun Janya","Hoovina Santhege (From ""Lucky"")",kannada,2023.0,2020s,184.57,0.128243,2214.677,Arjun Janya
qSynCLcG,"Midiva Ninna (From ""Rajaadaani"")","Jayanth Kaikini, Sonu Nigam, Shreya Ghoshal",Jayanth Kaikini Hit Songs - 2,kannada,2025.0,2020s,123.047,0.115606,1894.573,Arjun Janya
D7XNHyAc,Midiva Ninna,"Arjun Janya, Jayanth Kaikini, Sonu Nigam, Shreya Ghoshal",Rajaadaani (Original Motion Picture Soundtrack),kannada,2011.0,2010s,123.047,0.115606,1894.573,Arjun Janya
AOtWid-4,Thara,"Kichcha Sudeepa, Dr. Shamitha Malnad, Ghouse Peer",Kempegowda (Original Motion Picture Soundtrack),kannada,2011.0,2010s,89.103,0.164027,2705.464,Arjun Janya
nKpPBcKa,Dwapara,"Arjun Janya, V.Nagendra Prasad, Jaskaran Singh",Krishnam Pranaya Sakhi (Original Motion Picture Soundtrack),kannada,2024.0,2020s,89.103,0.17152,2135.847,Arjun Janya
2rlyAWa8,Hoovina Baanadanthe,Shreya Ghoshal,Birugaali,kannada,2009.0,2000s,99.384,0.196383,2268.307,Arjun Janya
a0m4R8vb,Yendu Kanda Kanasu,"K. Kalyan, Rajesh Krishnan, Kavita Krishnamurthy",Lankesh Patrike (Original Motion Picture Soundtrack),kannada,2003.0,2000s,172.266,0.077823,2404.457,Kannada Hits
gxRqKOyU,"Yendu Kanda Kanasu (From ""Lankesh Patrike"")","Rajesh Krishnan, Kavita Krishnamurthy, K. Kalyan",Indrajit Lankesh Hit Songs,kannada,2025.0,2020s,172.266,0.077823,2404.457,Kannada Hits
jXqimfQE,Paravashanadenu,Sonu Nigam,Paramathma,kannada,2011.0,2010s,83.354,0.068703,2009.154,Kannada Hits
Mth2xd4q,Badass,"Anirudh Ravichander, Sri Krishna, Sai Charan",Leo (Kannada),kannada,2023.0,2020s,184.57,0.060392,2553.556,Kannada Hits
hUb5m0Vr,Nooru Janmaku,Mano Murthy,America America,kannada,2020.0,2020s,92.285,0.201049,1940.635,Kannada Hits
l1Hjvc9y,Bahaddura Nanna Ganda,"Ishwar Mastar Kanakur, Prathima Athreya",Bahaddura Nanna Ganda,kannada,2026.0,2020s,172.266,0.183137,1911.981,Kannada Hits
sfaNjQgm,Kuhu Kuhu Kogile,"S. Narayan, Haricharan, K. S. Chithra",Chandra Chakori (Original Motion Picture Soundtrack),kannada,2003.0,2000s,117.454,0.117767,3816.446,Kannada Hits
qCd6mqXR,Minchagi Neenu,"Sonu Nigam, V. Harikrishna",Gaalipata,kannada,2008.0,2000s,117.454,0.110826,2692.111,Kannada Hits
fJ8YcAP4,Rabindra Sangeet,Jaya Bhattacharya,Rabindra Sangeet,bengali,2021.0,2020s,151.999,0.228596,2108.541,Rabindra Sangeet
TTnua9TU,Rabindra Sangeet Mashup,Borno chakroborty,Rabindra Sangeet Mashup,bengali,2021.0,2020s,123.047,0.093875,1759.145,Rabindra Sangeet
qEkKX9UV,Ami Chini Go Chini,"Shafayet Badhon, Borno chakroborty",Rabindra Sangeet,bengali,2020.0,2020s,151.999,0.090901,2032.118,Rabindra Sangeet
sOJJuE0U,Majhe Majhe Tobo Dekha Pai,Borno chakroborty,Rabindra Sangeet,bengali,2020.0,2020s,129.199,0.12515,1820.296,Rabindra Sangeet
7UT-7qX3,Jodi Tare Nai Chini Go,Anwesshaa Dattagupta,Rabindra Sangeet - Love Songs,bengali,2024.0,2020s,161.499,0.058303,1638.622,Rabindra Sangeet
OlEt6-gc,Jodi Tare Nai Chini Go,Anwesshaa Dattagupta,Rabindra Sangeet - Modern Versions,bengali,2024.0,2020s,161.499,0.058303,1638.622,Rabindra Sangeet
h_fDufp7,Pagla Hawar Badol Dine,Akriti Kakar,Rabindra Sangeet - Modern Versions,bengali,2024.0,2020s,103.359,0.110933,1835.861,Rabindra Sangeet
be8TetpD,Pagla Hawar Badol Dine,Akriti Kakar,Rabindra Sangeet - Love Songs,bengali,2024.0,2020s,103.359,0.110933,1835.861,Rabindra Sangeet
J3qt3AL2,Amaro Porano Jaha Chay,Ujjaini Mukherjee,Rabindra Sangeet - Modern Versions,bengali,2024.0,2020s,161.499,0.025812,997.42,Rabindra Sangeet
w_LrR-pd,Amaro Porano Jaha Chay,Ujjaini Mukherjee,Rabindra Sangeet - Love Songs,bengali,2024.0,2020s,161.499,0.025812,997.42,Rabindra Sangeet
gCsp5CiI,Byatha Nei,Anupam Roy,Byatha Nei,bengali,2026.0,2020s,143.555,0.03096,1966.131,Anupam Roy
deFXmTwq,"Gaane Gaane (From ""Dhumketu"")","Anupam Roy, Arijit Singh, Shreya Ghoshal","Gaane Gaane (From ""Dhumketu"")",bengali,2025.0,2020s,135.999,0.111084,1494.816,Anupam Roy
-oyH9sgY,Baundule Ghuri,Anupam Roy,Dawshom Awbotaar,bengali,2023.0,2020s,86.133,0.15346,1446.22,Anupam Roy
em9egP_5,Ekhon Onek Raat,Anupam Roy,Hemlock Society (Original Motion Picture Soundtrack),bengali,2012.0,2010s,129.199,0.064459,1552.537,Anupam Roy
6IZOyUdV,Ekhon Onek Raat,Anupam Roy,Hemlock Society (Original Motion Picture Soundtrack),bengali,2012.0,2010s,129.199,0.064459,1552.537,Anupam Roy
BYy6TOoU,Boba Tunnel,Anupam Roy,Chotushkone,bengali,2014.0,2010s,234.908,0.116479,1265.117,Anupam Roy
b7o1UyK6,"Boba Tunnel (From ""Chotushkone"")",Anupam Roy,Anupam Roy Nonstop Bengali Hits,bengali,2026.0,2020s,234.908,0.116125,1157.971,Anupam Roy
vh7F2H3E,Hridoyer Rang,Lagnajita Chakraborty,Ghare & Baire,bengali,2018.0,2010s,107.666,0.150407,1697.48,Anupam Roy
MKNKxQMY,Bneche Thakar Gaan,Rupam Islam,Autograph,bengali,2010.0,2010s,117.454,0.128527,1841.605,Anupam Roy
ncfGhwzi,Tumi Jake Bhalobaso (Female Version),"Iman Chakraborty, Anupam Roy",Praktan,bengali,2016.0,2010s,80.75,0.108407,1397.574,Anupam Roy
2-IZhYlN,Bhalolaage Tomake,Arijit Singh,Tomake Chai (Original Motion Picture Soundtrack),bengali,2017.0,2010s,117.454,0.173223,1466.492,Arijit Singh Bengali
64m9f3mF,Tomake Chai,Arijit Singh,Gangster (Original Motion Picture Soundtrack),bengali,2016.0,2010s,161.499,0.172818,1490.171,Arijit Singh Bengali
Lac1P1Cp,Ke Tui Bol,"Arijit Singh, Jeet Gannguli, Prasen",Herogiri,bengali,2018.0,2010s,172.266,0.160095,2015.854,Arijit Singh Bengali
g2NJnJqh,Egiye De,Arindom,Shudhu Tomari Jonyo (Original Motion Picture Soundtrack),bengali,2015.0,2010s,89.103,0.141907,1812.871,Arijit Singh Bengali
EQDP1xjP,Tor Ek Kothaye,"Arijit Singh, Jeet Gannguli, Prasen",Besh Korechi Prem Korechi,bengali,2020.0,2020s,172.266,0.230838,1672.493,Arijit Singh Bengali
gcB8u0Uq,Parbona,Arijit Singh,Borbaad (Original Motion Picture Soundtrack),bengali,2014.0,2010s,89.103,0.177617,1438.522,Arijit Singh Bengali
VDjB0QMB,Bojhena Shey Bojhena (Male Version),Arijit Singh,Bojhena Shey Bojhena (Original Motion Picture Soundtrack),bengali,2012.0,2010s,135.999,0.13631,1477.25,Arijit Singh Bengali
1fNdNnOP,Bhalobashar Morshum (Duet),Arijit Singh,X=Prem,bengali,2022.0,2020s,151.999,0.071048,1096.072,Arijit Singh Bengali
RT09XHST,Mon Bojhena,Arijit Singh,Chirodini Tumi Je Amar 2 (Original Motion Picture Soundtrack),bengali,2014.0,2010s,123.047,0.153622,1899.336,Arijit Singh Bengali
bqObjPTq,"Bolo Ki Tumi (From ""Beporoya"")",Aarvan,"Bolo Ki Tumi (From ""Beporoya"")",bengali,2026.0,2020s,99.384,0.228027,1722.46,Bengali Hits
KmOtL7rn,"Je Andhare (From ""Winkle Twinkle"")","Shreya Ghoshal, Tamalika Golder","Je Andhare (From ""Winkle Twinkle"")",bengali,2026.0,2020s,95.703,0.1479,1335.347,Bengali Hits
lwT8mD9r,"Tumi Bolo (From ""Keu Bole Biplobi, Keu bole Dakat"")",Durnibar Saha,"Tumi Bolo (From ""Keu Bole Biplobi, Keu bole Dakat"")",bengali,2026.0,2020s,135.999,0.096997,1264.779,Bengali Hits
2iAYkyi7,"Mone Holo Kyano (From ""Erao Manush"")","Javed Ali, Sumona","Mone Holo Kyano (From ""Erao Manush"")",bengali,2026.0,2020s,151.999,0.176383,2378.428,Bengali Hits
x0irKjt1,O Bandhu,Pousali Banerjee,O Bandhu,bengali,2026.0,2020s,107.666,0.114206,1764.35,Bengali Hits
2DOxTW9y,"Fire Aye Bondhu Amar (Female Version) (From ""Erao Manush"")","Akriti Kakar, Balasai Lahiri","Fire Aye Bondhu Amar (Female Version) (From ""Erao Manush"")",bengali,2026.0,2020s,198.768,0.097824,857.225,Bengali Hits
Gk5rfQl6,"Khabar Pabo Koi (From ""Maya Satya Bhram"")",Silajit,"Khabar Pabo Koi (From ""Maya Satya Bhram"")",bengali,2026.0,2020s,112.347,0.086193,2060.224,Bengali Hits
0rYr57cr,Saathiyaa,"Shreya Ghoshal, Ajay Gogavale, Ajay-Atul",Singham,hindi,2011.0,2010s,117.454,0.083457,1383.809,Ajay Atul
3SIPCwH7,Chikni Chameli,"Ajay-Atul, Shreya Ghoshal",Agneepath,hindi,2011.0,2010s,89.103,0.117612,3041.229,Ajay Atul
GGMI3kq4,Deva Shree Ganesha (Ganpati 2026),"Ajay-Atul, Ajay Gogavale",Agneepath,hindi,2011.0,2010s,76.0,0.063331,2062.225,Ajay Atul
W5YfbvCv,Dhadak Title Track,"Ajay Gogavale, Shreya Ghoshal",Valentines Special,hindi,2026.0,2020s,151.999,0.125492,1413.26,Ajay Atul
UOoHCn9r,Dhadak Title Track,"Ajay Gogavale, Shreya Ghoshal",Love Vibes Only,hindi,2026.0,2020s,151.999,0.125492,1413.26,Ajay Atul
gLp_JxXE,Dhadak Title Track,"Ajay Gogavale, Shreya Ghoshal",Dhadak,hindi,2018.0,2010s,151.999,0.125731,1409.723,Ajay Atul
O9wBww5W,Dhadak Title Track,"Ajay Gogavale, Shreya Ghoshal",Shreya Ghoshal Romantic Hits,hindi,2026.0,2020s,151.999,0.125492,1413.26,Ajay Atul
uhMSED1t,Sapna Jahan,"Ajay-Atul, Sonu Nigam, Neeti Mohan",Brothers,hindi,2015.0,2010s,63.024,0.058438,1155.234,Ajay Atul
MUj4v0tT,Jugraafiya,"Udit Narayan, Shreya Ghoshal",Bollywood Top Romantic Hits,hindi,2026.0,2020s,92.285,0.147175,1804.808,Ajay Atul
DvIzRXCH,Jugraafiya,"Udit Narayan, Shreya Ghoshal",Next On Repeat,hindi,2026.0,2020s,92.285,0.147175,1804.808,Ajay Atul
VAqC_eyg,Mala Ved Laagale (Duet),"Ketakee Mateygaonkar, Swapnil Bandodkar",Rimjhim Romance,marathi,2026.0,2020s,143.555,0.092114,2532.035,Swapnil Bandodkar
4UC30WXq,Mala Ved Laagale (Duet),"Ketakee Mateygaonkar, Swapnil Bandodkar",Marathi Valentine's Songs,marathi,2026.0,2020s,143.555,0.092114,2532.035,Swapnil Bandodkar
wto7eGvS,Mala Ved Laagale (Duet),"Ketakee Mateygaonkar, Swapnil Bandodkar",Timepass,marathi,2014.0,2010s,143.555,0.090626,2561.259,Swapnil Bandodkar
6AQXss3n,Mala Ved Laagale (Duet),"Ketakee Mateygaonkar, Swapnil Bandodkar",Marathi Top Hits,marathi,2026.0,2020s,143.555,0.092114,2532.035,Swapnil Bandodkar
OsX90uIO,Mala Ved Laagale (Duet),"Ketakee Mateygaonkar, Swapnil Bandodkar",Marathi Love Vibes,marathi,2026.0,2020s,143.555,0.092114,2532.035,Swapnil Bandodkar
5CUINX3V,Mala Ved Laagale (Duet),"Swapnil Bandodkar, Ketakee Mateygaonkar",Marathi Trending Hits,marathi,2026.0,2020s,143.555,0.092114,2532.035,Swapnil Bandodkar
5s00perI,Mala Ved Laagale (Duet),"Ketakee Mateygaonkar, Swapnil Bandodkar",Marathi Viral Mix,marathi,2026.0,2020s,143.555,0.092114,2532.035,Swapnil Bandodkar
AgWHrpVk,Saavar Re Mana,"Swapnil Bandodkar, Jaanvee Prabhu-Arora",Mitwaa,marathi,2014.0,2010s,89.103,0.18284,2165.198,Swapnil Bandodkar
j_3A0MhV,Vatevari Mogra,"Swapnil Bandodkar, Vaishali Samant",Diwali Pahat - Vaishali Samant & Swapnil Bandodkar,marathi,2025.0,2020s,135.999,0.097519,1486.231,Swapnil Bandodkar
O0vS3f-O,Vatevari Mogra,"Swapnil Bandodkar, Vaishali Samant, Nilesh Moharir",Diwali Pahat - Swapnil Bandodkar,marathi,2024.0,2020s,135.999,0.097519,1486.231,Swapnil Bandodkar
fbWdWvtg,Shaky,"Sanju Rathod, G-SPXRK",Shaky,marathi,2025.0,2020s,107.666,0.344437,2220.445,Marathi Songs
3-1SfkVv,Sundari,"Sanju Rathod, G-SPXRK",Sundari,marathi,2025.0,2020s,151.999,0.219924,2018.82,Marathi Songs
E4PzytVq,Gulabi Sadi,"Sanju Rathod, G-SPXRK",Gulabi Sadi,marathi,2024.0,2020s,129.199,0.119387,2776.449,Marathi Songs
GTXyu3hU,Bangles,"Sanju Rathod, G-SPXRK",Bangles,marathi,2026.0,2020s,89.103,0.205494,2094.536,Marathi Songs
DWlAvvOI,Ashakya Hi Shakya Kartil Swami,Sadhana Sargam,Swami Samarth Song - Ashakya Hi Shakya Kartil Swami,marathi,2021.0,2020s,95.703,0.173539,1477.717,Marathi Songs
tRl2UB7c,Pankha Fast,"Phenom, SAMBATA",Pankha Fast,marathi,2026.0,2020s,112.347,0.262572,2542.402,Marathi Songs
hpFbde-e,Swami,"Brahmaa, Avadhoot Gandhi, Narhar Raherkar",Best of Bhairava Films,marathi,2026.0,2020s,184.57,0.133778,1546.875,Marathi Songs
FHnPA8ac,Swami,"Brahmaa, Avadhoot Gandhi, Narhar Raherkar",Swami,marathi,2025.0,2020s,184.57,0.133723,1546.521,Marathi Songs
fShXQE1o,Majha Naav,"Crown J, Sneha Mahadik",Majha Naav,marathi,2026.0,2020s,63.024,0.106295,2487.154,Marathi Songs
-S8cncb9,Deh Vitthal,"Prasad Prabhakar Shinde, Avadhoot Gandhi",Deh Vitthal,marathi,2024.0,2020s,151.999,0.168831,1952.015,Marathi Songs
TdbVxH54,SAFE AND SOUND X TAYLOR SWIFT HARDSTYLE,"SICK LEGEND, GYM HARDSTYLE, HARDSTYLE BRAH",SAFE AND SOUND X TAYLOR SWIFT HARDSTYLE,instrumental,2022.0,2020s,172.266,0.244333,2537.133,Taylor Swift
6J92wcOH,Song For Taylor Swift,Gareth Koch,Song For Taylor Swift,instrumental,2024.0,2020s,107.666,0.058828,907.281,Taylor Swift
PcLh6ESu,Not a Taylor Swift Song,SychoSide,Not What You Expected,unknown,2023.0,2020s,123.047,0.178384,1974.581,Taylor Swift
NLv5Bok4,Golden Hour Girl Taylor Swift,Moriom Nessa,Golden Hour Girl Taylor Swift,english,2025.0,2020s,107.666,0.076081,2174.029,Taylor Swift
Gyf18-ky,Sweet Song For Taylor Swift,Shreta Ghosal,Sweet Song For Taylor Swift,english,2026.0,2020s,99.384,0.084495,1831.829,Taylor Swift
HMhUpR3Q,Happiness (8-Bit Taylor Swift Emulation),8-Bit Arcade,"By Request, Vol. 121",instrumental,2021.0,2020s,117.454,0.108457,2409.644,Taylor Swift
uDaGzdlW,Cardigan (8-Bit Taylor Swift Emulation),8-Bit Arcade,"By Request, Vol. 94",instrumental,2020.0,2020s,129.199,0.179884,2204.206,Taylor Swift
2ikUcLJR,Happiness (16-Bit Taylor Swift Emulation),Arcade Player,"The Impossible Game Soundtrack, Vol. 56",instrumental,2021.0,2020s,123.047,0.077304,588.089,Taylor Swift
D-84b21R,Marjorie (8-Bit Taylor Swift Emulation),8-Bit Arcade,"By Request, Vol. 113",instrumental,2021.0,2020s,123.047,0.119965,2213.979,Taylor Swift
2yUdUpE1,Cardigan (16-Bit Taylor Swift Emulation),Arcade Player,"The Impossible Game Soundtrack, Vol. 42",instrumental,2020.0,2020s,129.199,0.149968,1495.203,Taylor Swift
pYRgrK-n,"Sao Paulo (By The Weeknd, Anitta) (Melody Karaoke Version)",ZZang KARAOKE,ZZang KARAOKE 2024 POP Vol.223,instrumental,2025.0,2020s,129.199,0.106912,584.48,The Weeknd
DoCROQ-Q,Starboy The Weeknd,Blue Pink,Starboy The Weeknd,instrumental,2025.0,2020s,123.047,0.225878,1695.133,The Weeknd
DsFhp062,The Weeknd Vibes (Instrumental),El Turco,R&B Reimagined Vol.01,instrumental,2024.0,2020s,89.103,0.219514,1367.797,The Weeknd
mrVwQcNF,City of Mirrors The Weeknd,Hafizur Rahman,City of Mirrors The Weeknd,english,2025.0,2020s,123.047,0.098107,2381.709,The Weeknd
tx0jxuEX,Snowchild (8-Bit The Weeknd Emulation),8-Bit Arcade,"By Request, Vol. 95",instrumental,2020.0,2020s,99.384,0.186528,2510.463,The Weeknd
yZbDAHk_,Snowchild (16-Bit The Weeknd Emulation),Arcade Player,"The Impossible Game Soundtrack, Vol. 43",instrumental,2020.0,2020s,99.384,0.160912,2193.564,The Weeknd
wt4pC-ju,Final Lullaby (8-Bit The Weeknd Emulation),8-Bit Arcade,"By Request, Vol. 120",instrumental,2021.0,2020s,99.384,0.045505,2550.173,The Weeknd
pCMHCH7N,Final Lullaby (16-Bit The Weeknd Emulation),Arcade Player,"The Impossible Game Soundtrack, Vol. 56",instrumental,2021.0,2020s,99.384,0.068302,599.784,The Weeknd
fYP7vOan,Hawái (16-Bit Maluma & The Weeknd Emulation),Arcade Player,"The Impossible Game Soundtrack, Vol. 51",instrumental,2020.0,2020s,89.103,0.161167,1300.539,The Weeknd
U8uPHgQH,Hawái (8-Bit Maluma & The Weeknd Emulation),8-Bit Arcade,"By Request, Vol. 110",instrumental,2020.0,2020s,117.454,0.201559,2020.342,The Weeknd
gWW5QjP6,Im A Star (Dance EDM Remix),Jethro Sheeran,Im A Star,instrumental,2023.0,2020s,123.047,0.330015,2346.356,Ed Sheeran
Q_4oYN75,A Lonestar (feat. DaBaby) (Dance Remix),ALONESTAR,A Lonestar (feat. DaBaby),instrumental,2024.0,2020s,123.047,0.287849,2313.143,Ed Sheeran
yXimIaGG,BILLIE EILISH (DAHIYA REMIX),DAHIYA THE RAPPER,BILLIE EILISH (DAHIYA REMIX),hindi,2022.0,2020s,99.384,0.232298,2252.602,Billie Eilish
skbvh5Ec,Billie Eilish,"54GODART, Michigan Mauler, PACANI",Billie Eilish,instrumental,2024.0,2020s,92.285,0.270424,2187.967,Billie Eilish
yTjW_9Vx,Billie Eilish,Dikkat Official,Billie Eilish,hindi,2023.0,2020s,99.384,0.234961,2054.811,Billie Eilish
RXFeUBNf,Billie Eilish (Remix),4tee7ven,4X4,punjabi,2024.0,2020s,99.384,0.278261,2263.034,Billie Eilish
mt7wJTo3,Billie Eilish (Remix),KANDY MUSICK,Billie Eilish (Remix),punjabi,2025.0,2020s,99.384,0.215866,1645.214,Billie Eilish
PnxCAfUA,Billie Eilish (Remix),Inder D Last Level,Billie Eilish (Remix),punjabi,2022.0,2020s,99.384,0.199725,2129.501,Billie Eilish
axsr3R_h,BILLIE EILISH (By Armani White) (Melody Karaoke Version),ZZang KARAOKE,ZZang KARAOKE 2024 POP Vol.125,instrumental,2024.0,2020s,99.384,0.133262,1536.741,Billie Eilish
m6CQtHwB,BILLIE EILISH (By Armani White) (Instrumental Karaoke Version),ZZang KARAOKE,ZZang KARAOKE 2024 POP Vol.125,instrumental,2024.0,2020s,99.384,0.133243,1566.016,Billie Eilish
3rC_hKVf,Billie Eilish Remix,Dr.Singh M,Billie Eilish Remix,hindi,2022.0,2020s,99.384,0.133785,2316.566,Billie Eilish
nVJf0-78,Tappey (Billie Eilish Remix),Taj,Tappey (Billie Eilish Remix),hindi,2022.0,2020s,99.384,0.166906,1876.45,Billie Eilish
KyymdtSc,Dua lipa,Aryan Kushagra,Street tape,hindi,2023.0,2020s,89.103,0.151652,2302.309,Dua Lipa
d7ITEsn6,Dua Lipa,Marix,Dua Lipa,hindi,2022.0,2020s,99.384,0.12304,1402.137,Dua Lipa
AQkKqcU4,Swan Song (8-Bit Dua Lipa Emulation),8-Bit Arcade,"By Request, Vol. 18",instrumental,2019.0,2010s,95.703,0.207112,2331.429,Dua Lipa
HjVMYnXg,I Met Dua Lipa at the Club,Ed Napoli,"Decades of Dance, Set 19",instrumental,2021.0,2020s,103.359,0.159471,2355.504,Dua Lipa
-kfiuXOp,Illusion (By Dua Lipa) (Melody Karaoke Version),ZZang KARAOKE,ZZang KARAOKE 2024 POP Vol.131,instrumental,2024.0,2020s,63.024,0.128384,1347.137,Dua Lipa
E9nma8Rn,Houdini (By Dua Lipa) (Melody Karaoke Version),ZZang KARAOKE,ZZang KARAOKE 2024 POP Vol.111,instrumental,2024.0,2020s,117.454,0.215304,1541.087,Dua Lipa
EjPnQkl4,Illusion (By Dua Lipa) (Instrumental Karaoke Version),ZZang KARAOKE,ZZang KARAOKE 2024 POP Vol.131,instrumental,2024.0,2020s,63.024,0.123595,1350.041,Dua Lipa
PnI6AF1O,Houdini (By Dua Lipa) (Instrumental Karaoke Version),ZZang KARAOKE,ZZang KARAOKE 2024 POP Vol.111,instrumental,2024.0,2020s,117.454,0.213722,1543.034,Dua Lipa
UjBNM7KN,Training Season (By Dua Lipa) (Melody Karaoke Version),ZZang KARAOKE,ZZang KARAOKE 2024 POP Vol.71,instrumental,2024.0,2020s,123.047,0.187461,1473.322,Dua Lipa
sysTsLFY,These Walls (By Dua Lipa) (Melody Karaoke Version),ZZang KARAOKE,ZZang KARAOKE 2024 POP Vol.141,instrumental,2024.0,2020s,123.047,0.228848,1291.288,Dua Lipa
_G6W0EEE,Man On The Moon,Coldplay,Man On The Moon,english,2025.0,2020s,123.047,0.158555,1874.201,Coldplay
1ZDlyUiL,Believer (Imagine Dragons cover),Polina Cherkas,Believer (Imagine Dragons cover),instrumental,2023.0,2020s,123.047,0.333037,1422.7,Imagine Dragons
z4t7KMUi,Wrecked (16-Bit Imagine Dragons Emulation),Arcade Player,"The Impossible Game Soundtrack, Vol. 66",instrumental,2021.0,2020s,95.703,0.106049,2122.863,Imagine Dragons
vN7JbuxG,Wrecked (8-Bit Imagine Dragons Emulation),8-Bit Arcade,"By Request, Vol. 140",instrumental,2021.0,2020s,95.703,0.131365,2001.964,Imagine Dragons
q2ScJs4W,Radioactive (Originally Performed By Imagine Dragons),Karaoke Idols,Singing Today's Hits! - Vol. 2,instrumental,2014.0,2010s,92.285,0.081122,1797.28,Imagine Dragons
VF5i54E8,Bad Liar (16-Bit Imagine Dragons Emulation),Arcade Player,"The Impossible Game Soundtrack, Vol. 2",instrumental,2018.0,2010s,117.454,0.051728,976.332,Imagine Dragons
Uiywv8d6,Birds (16-Bit Imagine Dragons & Elisa Emulation),Arcade Player,"The Impossible Game Soundtrack, Vol. 15",instrumental,2019.0,2010s,60.093,0.09787,1407.133,Imagine Dragons
_hk0LyTv,Demons (By Imagine Dragons) (Instrumental Karaoke Version),ZZang KARAOKE,ZZang KARAOKE 2024 POP Vol.167,instrumental,2024.0,2020s,89.103,0.066554,1020.707,Imagine Dragons
Rm9UL3mH,Demons (By Imagine Dragons) (Melody Karaoke Version),ZZang KARAOKE,ZZang KARAOKE 2024 POP Vol.167,instrumental,2024.0,2020s,89.103,0.07085,898.113,Imagine Dragons
0G0w82iB,Birds (By Imagine Dragons) (Melody Karaoke Version),ZZang KARAOKE,ZZang KARAOKE 2026 POP Vol.275,instrumental,2026.0,2020s,60.093,0.176599,1760.363,Imagine Dragons
fqiarL6g,Wrecked (By Imagine Dragons) (Melody Karaoke Version),ZZang KARAOKE,ZZang KARAOKE 2024 POP Vol.73,instrumental,2024.0,2020s,95.703,0.222853,1027.084,Imagine Dragons
Rpui9Lck,QUEEN,"Armaan Gill, Arnaaz Gill",QUEEN,punjabi,2025.0,2020s,95.703,0.257842,2790.538,Queen
TCXxAecp,My Queen,"KD DESIROCK, Swara",My Queen,haryanvi,2024.0,2020s,123.047,0.137503,2720.667,Queen
33Dg7auf,QUEEN,"Armaan Gill, Arnaaz Gill",TWO OF A KIND,punjabi,2025.0,2020s,95.703,0.257842,2790.538,Queen
rp05mdne,Queen,"Zack Knight, Raxstar",Queen,punjabi,2015.0,2010s,89.103,0.098099,2046.472,Queen
QMFgJqsW,QUEEN,A Kay,QUEEN,punjabi,2022.0,2020s,76.0,0.125628,2195.082,Queen
Ej20U73m,Drama Queen,"Vishal & Shekhar, Shreya Ghoshal, Vishal Dadlani",Hasee Toh Phasee,hindi,2014.0,2010s,143.555,0.189668,2077.445,Queen
d8GKqiEI,Queen,Rahul Goswami,Queen,haryanvi,2021.0,2020s,143.555,0.156109,1814.941,Queen
xocRpi3s,Queen's Gambit,"Black Virus, Hustinder",Bhadauria,punjabi,2024.0,2020s,95.703,0.186718,2230.948,Queen
4BkJ_XWh,Queen Of Punjab,"Gulab Sidhu, Singh Jeet, IRIS Music",Queen Of Punjab,punjabi,2025.0,2020s,161.499,0.176202,2641.843,Queen
xxsFHiKl,London Thumakda,"Amit Trivedi, Labh Janjua, Sonu Kakkar, Neha Kakkar",Queen,hindi,2014.0,2010s,69.837,0.111639,1944.547,Queen
ccUkBHLn,Lolly Pop Lageli,Pawan Singh,Lolly Pop Lageli,bhojpuri,2010.0,2010s,151.999,0.037852,2603.84,Pop Hits
YHQ1aewC,Thoda Thoda Pyaar,"Kumaar, Nilesh Ahuja, Stebin Ben",Pop Hits,hindi,2026.0,2020s,103.359,0.106549,1048.862,Pop Hits
Vj5FAeKw,"Popat Bole From ""Chaniya Toli"" (from ""Popat Bole From ""Chaniya Toli"""")","Rakesh Barot, Jahnvi Shrimankar",Roots & Rhythms,gujarati,2026.0,2020s,135.999,0.180266,2757.968,Pop Hits
a7GAKdmX,"Popat Bole From ""Chaniya Toli""","Rakesh Barot, Jahnvi Shrimankar","Popat Bole From ""Chaniya Toli""",gujarati,2025.0,2020s,135.999,0.180266,2757.968,Pop Hits
FDMuzxBF,Tu Milta Hai Mujhe,"Rashid Khan, Raj Barman",Pop Hits,hindi,2026.0,2020s,95.703,0.125079,1909.644,Pop Hits
2Iqea3UG,"Ab Mujhe Raat Din (From ""Deewana"")","Sonu Nigam, Sajid-Wajid, Faaiz Anwar",Deluxe Pop Saloon,hindi,2026.0,2020s,99.384,0.155109,1523.973,Pop Hits
Vxm1rXKA,Ijazzat Hai,"Kumaar, Sachin Gupta, Raj Barman",Pop Hits,hindi,2026.0,2020s,117.454,0.288065,2441.648,Pop Hits
37eSyDVY,God Mode - Hyper Pop,Sai Abhyankkar,Karuppu - Side B (God Mode Begins) (Original Score),tamil,2026.0,2020s,78.303,0.0636,2203.372,Pop Hits
XpFBw_v4,Indie Rock,Musway Studio,Royalty Free Music - No.23,instrumental,2021.0,2020s,107.666,0.117237,2246.181,Indie Rock
IE3jc2rL,Upbeat Indie Rock,AquariusMusic,Upbeat Indie Rock,instrumental,2024.0,2020s,99.384,0.193254,2702.976,Indie Rock
yWTllzaJ,Happy Indie Rock,Oleg Silukov,Light Rock Optimistic,instrumental,2024.0,2020s,80.75,0.151767,2771.552,Indie Rock
5DfjWNBm,Upbeat Indie Rock,Oleg Silukov,Light Rock Optimistic,instrumental,2024.0,2020s,135.999,0.145404,3168.097,Indie Rock
S6nbVcIf,Dhumuha (Indie Rock),Rock Studio,Dhumuha (Indie Rock),assamese,2026.0,2020s,135.999,0.112469,2635.94,Indie Rock
LmaRjwGM,Indie Rock Pop Inspiring,Oleg Silukov,Light Rock Optimistic,instrumental,2024.0,2020s,92.285,0.12286,2555.429,Indie Rock
znMVg3-U,Party Garage Indie Rock,Bobby Cole,"Extreme Sports, Set 27",unknown,2021.0,2020s,103.359,0.114194,2826.614,Indie Rock
iqWs0c67,Transforming (Indie Rock Edition),Gothic Storm,Stories of Hope (Indie Rock Edition),instrumental,2018.0,2010s,117.454,0.119285,1194.134,Indie Rock
G6Twyq3Q,Devotion (Indie Rock Edition),Gothic Storm,Stories of Hope (Indie Rock Edition),instrumental,2018.0,2010s,78.303,0.108386,994.635,Indie Rock
mvJn5xUD,Wounded (Indie Rock Edition),Gothic Storm,Stories of Hope (Indie Rock Edition),instrumental,2018.0,2010s,117.454,0.108969,1376.384,Indie Rock
sxskFTUS,Ve Kamleya - Synthwave,"Drub, SAM8, Arijit Singh",Ve Kamleya - Synthwave,hindi,2025.0,2020s,172.266,0.201353,1445.228,Synthwave
ezBLXGl9,Synthwave,Retrowave Records,# 20 Retrowave - Synthwave & Outrun Collection,instrumental,2019.0,2010s,99.384,0.076133,684.658,Synthwave
PDYZQd3w,Synthwave,Ambient Masters,Sleepover - Experimental Sci-Fi | Ambient Music,instrumental,2019.0,2010s,107.666,0.050437,1657.224,Synthwave
fVn-NPzz,Synthwave,Kingniko5343,The Synthwave,instrumental,2021.0,2020s,99.384,0.046335,1962.419,Synthwave
Y-NU_2bn,Synthwave,Things from Down Under,Stranger Synths - Dark 80s Electronic Tracks,instrumental,2019.0,2010s,129.199,0.120264,729.838,Synthwave
Yw013mPu,Synthwave,Kyle J. Stein,Upside Down - Synthwave and Retrowave New Age Collection from the '80s,instrumental,2019.0,2010s,80.75,0.109411,740.288,Synthwave
Er6-fd2B,SynthWave,dharsahunt,SynthWave,instrumental,2025.0,2020s,89.103,0.194647,850.062,Synthwave
JkOps_BS,Synthwave,Try,Nebula's Whisper,instrumental,2024.0,2020s,129.199,0.288195,3053.969,Synthwave
urtyeCgB,Synthwave,Woodsier Texas,Synthwave,instrumental,2021.0,2020s,172.266,0.118942,1282.72,Synthwave
hVWi35Q8,Synthwave,V!BZ,V!bz'Tapes Vol.3,instrumental,2022.0,2020s,92.285,0.079756,1276.302,Synthwave
rqQEq5cd,Main Shayar To Nahin - Lofi Beats,Kunal Bojewar,Hindi Slowed Reverb Bollywood Lofi,hindi,2022.0,2020s,89.103,0.117218,1836.429,Lofi Beats
kpAHIpE-,Phir Wahi Raat Hai - Lofi Beats,Papon,Hindi Slowed Reverb Bollywood Lofi,hindi,2022.0,2020s,198.768,0.050412,2725.967,Lofi Beats
fsn0LCZM,O Mere Dil Ke Chain - LoFi Flip,Kishore Kumar,LO-FI Beats,hindi,2022.0,2020s,161.499,0.084556,1465.115,Lofi Beats
1M73GOWP,Lofi Beats,Asheem Mangoli,Lofi Beats,hindi,2022.0,2020s,80.75,0.213519,3030.215,Lofi Beats
AqqaTM6a,Lofi Beats,Abhishek Prajapat,Lofi Beats,instrumental,2025.0,2020s,99.384,0.124656,741.31,Lofi Beats
h98q9QBv,Bheed Mein - Lofi,"Udit Narayan, Shreya Ghoshal",LO-FI Beats,hindi,2022.0,2020s,161.499,0.074742,1779.869,Lofi Beats
M__sacLg,Kahin Door - Lofi Beats,Sanam,Hindi Slowed Reverb Bollywood Lofi,hindi,2022.0,2020s,80.75,0.098688,1635.159,Lofi Beats
D27PJqh0,Kisi Ki Muskurahton Pe - Lofi Beats,Abhinav Pandey,Hindi Slowed Reverb Bollywood Lofi,hindi,2022.0,2020s,95.703,0.103718,2735.263,Lofi Beats
ElpX_3AQ,Sajjan Raazi LoFi Mix,Satinder Sartaaj,Punjab to Playlist,punjabi,2026.0,2020s,143.555,0.149986,2135.404,Lofi Beats
TOo5E9X4,Sajjan Raazi LoFi Mix,Satinder Sartaaj,Sajjan Raazi LoFi Mix,punjabi,2025.0,2020s,143.555,0.149986,2135.404,Lofi Beats
lE4flSMY,Jhalamala Edm x Trance Dj,"Mantu Chhuria, Aseema Panda",Odia Dj Dance Hits,odia,2023.0,2020s,151.999,0.189539,2878.745,EDM Dance
0fozFOo7,JHALA MALA EDM Topori Mix,"Mantu Chhuria, Aseema Panda",Odia Dj Dance Hits,odia,2023.0,2020s,123.047,0.269894,2849.109,EDM Dance
rxMH0Kkz,Edm Dance,Basko,"EDM Workout, Set 21",instrumental,2023.0,2020s,86.133,0.127583,2704.022,EDM Dance
4w_KYMKB,EDM DANCE TRANCE,Dj Swam,EDM DANCE TRANCE,instrumental,2023.0,2020s,151.999,0.27373,2532.925,EDM Dance
pyvyxfhe,Kanta Laga (Hindi EDM DANCE Mix) (Bass Boosted),Kakkar Singh,Kanta Laga (Hindi EDM Dance & Bass Boosted Mix),hindi,2021.0,2020s,129.199,0.430604,2283.582,EDM Dance
leVFRKH7,Motivational House Dance (EDM Workout Mix),"Workout Music Gym, House Mix 2021, Workout Dance Music, Workout Music Gym & Workout Dance Music & House Mix 2021",Workout Songs (Dance Music Workout),instrumental,2021.0,2020s,172.266,0.073961,1784.208,EDM Dance
FPV7dNkN,EDM DANCE VERSION,Sarodee Borah,DIL DHADAK RAHA HAI MULTIVERSE EDITION,hindi,2026.0,2020s,107.666,0.178663,2963.006,EDM Dance
TGoFLqmC,Edm Dance 2.0,R.G.Bangali Song,Edm Dance 2.0,hindi,2025.0,2020s,76.0,0.454389,2161.765,EDM Dance
6Q46eRx_,Aaj Jaane Ki Zidd Na Karo (EDM Mix),"Sohail Rana, Shilpa Rao, Nilesh P.",The Dance Project (Season 1: Episode 11),hindi,2019.0,2010s,135.999,0.247303,2046.054,EDM Dance
SzBm4SKe,Inko Tauru Me Sela (Edm Dance Remix),Sahil Jatoliya,Inko Tauru Me Sela (Edm Dance Remix),haryanvi,2026.0,2020s,117.454,0.167589,2245.697,EDM Dance
-MhHYUFL,Dekha Hela To Sathire Gaon Melare (Acoustic Guitar),Shubhransu Nayak,Dekha Hela To Sathire Gaon Melare (Acoustic Guitar),odia,2026.0,2020s,129.199,0.120647,1941.049,Acoustic Guitar
Oa7Mm6ZE,Acoustic Guitar,Nathan Devon,Mercy - Smooth Country Guitar Music to Make Peace...and Love,instrumental,2021.0,2020s,80.75,0.046354,574.251,Acoustic Guitar
AmWtbE0Q,Acoustic Guitar,Erica Vaugh,Café Relax Bossanova & Jazz - The Best Sounds for Coffee House Background,instrumental,2021.0,2020s,129.199,0.070199,1167.278,Acoustic Guitar
FUqSztSO,Acoustic Guitar,Guitar Strings,Guitar Yoga Music 2019: Background Relaxation,instrumental,2019.0,2010s,89.103,0.057194,555.744,Acoustic Guitar
E8iTJ9Pk,Acoustic Guitar,cainKuri,Bipolar 1/2,instrumental,2001.0,2000s,112.347,0.008363,990.34,Acoustic Guitar
dPkzGaqw,Asmr Ocean Waves and Acoustic Guitar,Benjamin Shadows,"Sleeping Music: Asmr Ocean Waves and Relaxing Music For Deep Sleep, Relaxation and Sleep Music",instrumental,2018.0,2010s,161.499,0.029949,1158.064,Acoustic Guitar
EffwPHEs,Pritir Xubaxe - Acoustic Guitar (Nylon String),Santanu Baruah,Strings,assamese,2025.0,2020s,89.103,0.095103,2257.424,Acoustic Guitar
wDBknXsh,Acoustic Guitar,Craig McConnell Alt. Project,"New Age Relaxation, Set 17",unknown,2021.0,2020s,99.384,0.1636,1170.842,Acoustic Guitar
8l_oUmQZ,Acoustic Guitar Moments,"Calming Guitar, Perfect Pet Relaxation, Music for your Pets",Pet Haven: Calm Moments with Guitar Music,instrumental,2025.0,2020s,161.499,0.052054,635.442,Acoustic Guitar
E4b7sAPr,Acoustic Guitar Lull,"Guitar frets, White Noise Zen Sleep and Calm Baby Music, Happy Baby Sleeping Music",Peaceful Dreams: Guitar Music for Baby Sleep,instrumental,2025.0,2020s,89.103,0.045016,781.037,Acoustic Guitar
Xi3BMv5u,Gym Survive Warrior Motivation Workout Training,"Gym Motivation Work Out, Fitness Motivation Work Out, Boxing Motivation Work Out",Best Gym Workout Motivation Fitness Motivational Warrior,instrumental,2022.0,2020s,99.384,0.042908,2817.705,Workout Motivation
nNcTOtCD,Workout Motivation,VDJ Mahe,The Rampage,hindi,2025.0,2020s,107.666,0.104632,2122.616,Workout Motivation
z5rgkX_U,India Gym Fitness Workout Motivation Warrior Six Pack,"Gym Motivation Work Out, Fitness Motivation Work Out, Boxing Motivation Work Out",Best Gym Workout Motivation Fitness Motivational Warrior,instrumental,2022.0,2020s,129.199,0.0558,2675.777,Workout Motivation
HWwNnsHA,Gym Find Peace Boxing Workout Motivation,"Gym Motivation Work Out, Fitness Motivation Work Out, Boxing Motivation Work Out",Best Gym Workout Motivation Fitness Motivational Warrior,instrumental,2022.0,2020s,123.047,0.040985,3204.154,Workout Motivation
PQ1HZoO8,Sport Motivation Gym Workout Hard Training,"Gym Motivation Work Out, Fitness Motivation Work Out, Boxing Motivation Work Out",Best Gym Workout Motivation Fitness Motivational Warrior,instrumental,2022.0,2020s,123.047,0.055291,2758.975,Workout Motivation
al8Xue0U,Gym Monster V Taper Fit Motivation Six Pack,"Gym Motivation Work Out, Fitness Motivation Work Out, Boxing Motivation Work Out",Best Gym Workout Motivation Fitness Motivational Warrior,instrumental,2022.0,2020s,76.0,0.045972,2954.938,Workout Motivation
lfWhz9gr,Heartbroken Gym Workout Fitness Motivation,"Gym Motivation Work Out, Fitness Motivation Work Out, Boxing Motivation Work Out",Best Gym Workout Motivation Fitness Motivational Warrior,instrumental,2022.0,2020s,129.199,0.052692,3050.838,Workout Motivation
N1uIuhEO,Gym Alone Warrior Fit Gym Six Pack,"Gym Motivation Work Out, Fitness Motivation Work Out, Boxing Motivation Work Out",Best Gym Workout Motivation Fitness Motivational Warrior,instrumental,2022.0,2020s,83.354,0.053217,3174.727,Workout Motivation
7CNneMh3,Angry Gym Warrior Alpha Motivation Boxing,"Gym Motivation Work Out, Fitness Motivation Work Out, Boxing Motivation Work Out",Best Gym Workout Motivation Fitness Motivational Warrior,instrumental,2022.0,2020s,129.199,0.041413,2982.724,Workout Motivation
7hqwVplA,Late Night Chill,Melody River,Late at Night,instrumental,2024.0,2020s,95.703,0.131217,1683.251,Late Night Chill
sttz_IKM,Late Night Chill,Senja Lofia,Late Night Chill,instrumental,2026.0,2020s,83.354,0.180199,785.735,Late Night Chill
_e3tcsUc,late night chill vibes,BRRR,Songs from FriendsWithMatt,instrumental,2026.0,2020s,89.103,0.100792,711.21,Late Night Chill
6cOlYC6v,Meditation: Calm,Relaxation Prime,Music for Elementary Classroom Teachers - Relaxing Background Music,instrumental,2020.0,2020s,68.0,0.074076,594.744,Meditation Calm
owt8Bdrf,Je Rab Milda | Deep Relaxing Punjabi Sufi Kalam | Soulful Devotional Meditation,Jivan Safar Dharmik,Je Rab Milda | Deep Relaxing Punjabi Sufi Kalam | Soulful Devotional Meditation,punjabi,2026.0,2020s,161.499,0.092111,1855.18,Meditation Calm
9N9b6o-M,Yoga Meditation Calm,Sach Din,Yogic Pranayama Flute Flow,instrumental,2025.0,2020s,103.359,0.141289,1017.904,Meditation Calm
gRkQRH0F,Strumming Meditation Calm,"The Guitar Corporation, Meditation Music Composer, Meditation Music Company",Mindful Melodies: Guitar Meditation Guide,instrumental,2024.0,2020s,64.6,0.042521,549.291,Meditation Calm
FiycC4jM,Guitar Melodies Meditation Calm,"Relaxing Guitar Music Orchestra, Guitarbeat, The Delta Guitars",Guitar Music: Strums of Meditation Calm,instrumental,2025.0,2020s,83.354,0.046026,603.767,Meditation Calm
CTFAvJ_m,Evening Meditation Calm Guitar,"Instrumental Jazz Music Ambient, Jazz Guitar Club, Jazz Relax Academy",Restful Evening's Meditation Guitar Music,instrumental,2025.0,2020s,83.354,0.046441,732.818,Meditation Calm
BUnz8QAX,Melodic Guitar Meditation Calm,"Classical Jazz Guitar Club, Instrumental Jazz Music Ambient, Guitar Jazz Relax Romance",Meditation Guitar Music Moments,instrumental,2025.0,2020s,86.133,0.073871,768.741,Meditation Calm
SGwxTger,Serene Guitar Meditation Calm,"Prime Guitar Music, 3rd Street Guitar, Gentle Acoustic Guitar",Meditation Guitar Music Experience,instrumental,2025.0,2020s,172.266,0.036707,577.928,Meditation Calm
KrZMa93q,Soothing Guitar Meditation Calm,"Prime Guitar Music, 3rd Street Guitar, Gentle Acoustic Guitar",Meditation Guitar Music Experience,instrumental,2025.0,2020s,63.024,0.03893,602.527,Meditation Calm
NU732C4m,Soft Strings Meditation Calm,"Guitar Music Retro, The Magic Guitar, Acoustic Guitar Revival",Meditation Guitar Music for Still Mind,instrumental,2025.0,2020s,151.999,0.045297,548.775,Meditation Calm
5m1CHS1p,Rainy Day,Prithwiraj,East West Metro Apaar Bangla,bengali,2011.0,2010s,234.908,0.092671,1212.904,Rainy Day Songs
k2BCSAbH,Rainy Days,"Ikka, Sez on the Beat",Blood Is Better Than Tears,hindi,2024.0,2020s,129.199,0.271152,2297.645,Rainy Day Songs
phQVY-44,"Chhu Kar Mere Manko (From ""Yaarana"")",Kishore Kumar,Rainy Day Vibes,hindi,2023.0,2020s,143.555,0.180677,1426.324,Rainy Day Songs
CoEhy7PB,"Tu Hi Re (From ""Bombay"")","Hariharan, Kavita Krishnamurthy",Rainy Day Vibes,hindi,2023.0,2020s,99.384,0.071683,2133.275,Rainy Day Songs
EPYEGW_3,Hela Ki Prema,"Humane Sagar, Aseema Panda",Rainy Day Melodies,odia,2025.0,2020s,151.999,0.170965,1592.244,Rainy Day Songs
-br62c8W,Rainy Day,Vj beats,Rainy Day,instrumental,2026.0,2020s,39.754,0.12739,1009.073,Rainy Day Songs
ms2q_e67,Rainy Day,Joseph McGrahl,Time,instrumental,2018.0,2010s,143.555,0.124462,476.985,Rainy Day Songs
QmaYmGEj,Rainy Day,Vincent Marek,Rainlight,instrumental,2026.0,2020s,112.347,0.153603,836.006,Rainy Day Songs
_0PA9421,RAINY DAY,Linux,RAINY DAY,instrumental,2025.0,2020s,129.199,0.077056,2874.093,Rainy Day Songs
8TRBElP7,Rainy Day,Quiet Shores,"Exotic New Age - Tropical Thunder, Sounds of Rain & Sea Waves",instrumental,2019.0,2010s,123.047,0.034331,2342.2,Rainy Day Songs
usWNVClv,Good Energy Loop,Upbeat Instrumentals,Electronic Feel Good,instrumental,2025.0,2020s,99.384,0.099079,441.145,Feel Good Upbeat
6H7TetMX,For He's a Jolly Good Fellow,Mogul Music Inc.,2 Hours of Upbeat Children's Songs for the Car & Home,instrumental,2015.0,2010s,117.454,0.119967,1827.885,Feel Good Upbeat
T7O04cQB,Cascade of Joy,Upbeat Instrumentals,Electronic Feel Good,instrumental,2025.0,2020s,161.499,0.045872,336.284,Feel Good Upbeat
2DBaGczO,Neon Brunch,Upbeat Instrumentals,Electronic Feel Good,instrumental,2025.0,2020s,143.555,0.074429,541.62,Feel Good Upbeat
_Zb7exIB,Sunbeam Circuits,Upbeat Instrumentals,Electronic Feel Good,instrumental,2025.0,2020s,117.454,0.12118,641.55,Feel Good Upbeat
S57ZmtDn,Synths and Sundays,Upbeat Instrumentals,Electronic Feel Good,instrumental,2025.0,2020s,99.384,0.115681,497.945,Feel Good Upbeat
lTuULI-2,Clear Skies Logic,Upbeat Instrumentals,Electronic Feel Good,instrumental,2025.0,2020s,99.384,0.125973,938.725,Feel Good Upbeat
ZF3-ThYa,Radiowaves and Coffee,Upbeat Instrumentals,Electronic Feel Good,instrumental,2025.0,2020s,161.499,0.100036,775.778,Feel Good Upbeat
Dkc7T2hF,Pixel Breeze,Upbeat Instrumentals,Electronic Feel Good,instrumental,2025.0,2020s,107.666,0.147483,1977.138,Feel Good Upbeat
EGv_5JUb,Easy Voltage,Upbeat Instrumentals,Electronic Feel Good,instrumental,2025.0,2020s,117.454,0.097002,989.538,Feel Good Upbeat
lnig1Z0j,Apna Bana Le,"Amitabh Bhattacharya, Sachin-Jigar, Arijit Singh",Soulful Hits,hindi,2026.0,2020s,92.285,0.120289,1238.293,Arijit Singh
koWi7GRH,Apna Bana Le,"Amitabh Bhattacharya, Sachin-Jigar, Arijit Singh",Sachin Jigar Bollywood Hits,hindi,2026.0,2020s,92.285,0.120289,1238.293,Arijit Singh
yaFlDQLU,"Salamat Rahe Dostana Hamara (Part I) (From ""Dostana"")","Mohammed Rafi, Kishore Kumar",Best of Salim-Javed,hindi,2026.0,2020s,161.499,0.194039,2274.322,Mohammed Rafi
wb4FuLg8,"Humko Tumse Ho Gaya Hai Pyar (From ""Amar Akbar Anthony"")","Kishore Kumar, Mohammed Rafi, Mukesh, Lata Mangeshkar",Amar Akbar Anthony (Remastered),hindi,2026.0,2020s,184.57,0.142738,2489.339,Mukesh
w0aLajlg,Kal Chaudhvin Ki Raat Thi,Jagjit Singh,Timeless Classics Ghazals,hindi,1991.0,1990s,103.359,0.031669,2168.176,Jagjit Singh Ghazals
ilfTtFtE,Ek Pyar Ka Naghma Hai (Shor-72) Compilation,"Laxmikant - Pyarelal, Deepak Pandit, Jagjit Singh",Timeless Classics Ghazals,hindi,1991.0,1990s,89.103,0.066707,1956.734,Jagjit Singh Ghazals
s0666XmY,Gham Ka Khazana Tera Bhi Hai Mera Bhi,"Jagjit Singh, Lata Mangeshkar",Sajda An Offering Of Ghazals,hindi,1991.0,1990s,161.499,0.133707,2497.461,Jagjit Singh Ghazals
Fr2y9PAF,Roye Dharti Roye Amber,Jagjit Singh,Beyond Time - Eternal Ghazals,hindi,2014.0,2010s,123.047,0.160632,1592.19,Jagjit Singh Ghazals
iq6OBkrS,Kahin Door Jab Din Dhal Jaye (Anand 70),"Salil Chowdhury, Deepak Pandit, Jagjit Singh",Timeless Classics Ghazals,hindi,1991.0,1990s,143.555,0.008449,2125.764,Jagjit Singh Ghazals
GfZ161aq,Jab Samne Tum Aa Jate Ho,"Asha Bhosle, Jagjit Singh",Hothon Se Chhu Lo Tum - Romantic Ghazals,hindi,2014.0,2010s,123.047,0.029052,2056.567,Jagjit Singh Ghazals
5GF2x2j7,Din Guzar Gaya,"Jagjit Singh, Chitra Singh",Timeless Classics Ghazals,hindi,1991.0,1990s,86.133,0.035714,2021.113,Jagjit Singh Ghazals
EO6Pv--P,Har Taraf Har Jagah Besumar Aadmi,"Jagjit Singh, Lata Mangeshkar",Sajda An Offering Of Ghazals,hindi,1991.0,1990s,112.347,0.065143,1994.272,Jagjit Singh Ghazals
RlXPH9gK,Dil-E-Nadan Tujhe,"Jagjit Singh, Chitra Singh",Timeless Classics Ghazals,hindi,1991.0,1990s,172.266,0.06153,673.717,Jagjit Singh Ghazals
wQyEwdQ2,Dhoop Main Niklo Ghataon Mein Nakakar Dekho,Jagjit Singh,Timeless Classics Ghazals,hindi,1991.0,1990s,161.499,0.070449,1503.761,Jagjit Singh Ghazals
8E_AiS-7,Us Mod Se Shuroo Karen,"Jagjit Singh, Chitra Singh",The Latest,hindi,2016.0,2010s,99.384,0.103836,1631.24,Chitra Singh
gkbjtUEU,Agar Hum Kahen Aur Woh Muskura Den,"Jagjit Singh, Chitra Singh",The Golden Collection Jagjit And Chitra Singh,hindi,2006.0,2000s,107.666,0.088093,1866.904,Chitra Singh
uyeLQ1RY,Agar Hum Kahen Aur Woh Muskura Den,"Jagjit Singh, Chitra Singh",Passions - Jagjit-Chitra Singh,hindi,1987.0,1980s,107.666,0.087629,1874.601,Chitra Singh
km9MCy2d,Woh Kaghaz Ki Kashti,"Jagjit Singh, Chitra Singh",The Latest,hindi,2016.0,2010s,95.703,0.072959,1449.269,Chitra Singh
0bYAe6v6,Yeh Tera Ghar Yeh Mera Ghar,"Jagjit Singh, Chitra Singh",Saath Saath,hindi,1982.0,1980s,123.047,0.174686,1886.922,Chitra Singh
S7otHV39,Safar Mein Dhoop To Hogi,Chitra Singh,Echoes From Concerts Around The World,hindi,2010.0,2010s,172.266,0.088632,862.254,Chitra Singh
yuEuRh6m,Safar Mein Dhoop To Hogi,"Jagjit Singh, Chitra Singh",Jagjit Singh - Chitra Singh In Concert,hindi,2001.0,2000s,172.266,0.089029,853.442,Chitra Singh
zprgHTXG,Mere Dil Mein Tu Hi Tu Hai,"Bappi Lahiri, Jagjit Singh, Chitra Singh",Sadabahar - Ghazalon Ka Caravan - Vol. 2,hindi,1982.0,1980s,161.499,0.055003,2359.831,Chitra Singh
pLkl5DIl,Mujhe Tum Nazar Se Gira To Rahe,Talat Aziz,Tribute To My Master Mehdi Hassan By Talat Aziz,hindi,2013.0,2010s,117.454,0.099113,1267.635,Mehdi Hassan
cTFz9P1a,Rafta Rafta,Talat Aziz,Tribute To My Master Mehdi Hassan By Talat Aziz,hindi,2013.0,2010s,103.359,0.087511,1294.226,Mehdi Hassan
8URtXVU0,Neeyat E Shaq,"Mohsin Raza, Asha Bhosle",Ghazal Ka Safar - Mehdi Hassan N Ghulam - Vol - 3.,hindi,1996.0,1990s,161.499,0.067231,2133.956,Mehdi Hassan
kpAGrc2A,Shabnam Ke Ansoo Phool Par,Talat Aziz,Ghazal Ka Safar - Mehdi Hassan N Ghulam - Vol - 3.,hindi,1996.0,1990s,135.999,0.074004,1537.217,Mehdi Hassan
zLMUZrOQ,Sataa Sataa Ke Hamen Ashk Baar Karti Hai,"Nazar Hussain, Talat Aziz",Ghazal Ka Safar - Mehdi Hassan N Ghulam - Vol - 3.,hindi,1996.0,1990s,135.999,0.070234,2357.926,Mehdi Hassan
-8Ows9fO,Tune Yeh Phool Jo Zulfon Mein,Rajkumar Rizvi,Ghazal Ka Safar - Mehdi Hassan N Ghulam - Vol - 3.,hindi,1996.0,1990s,129.199,0.101394,1224.255,Mehdi Hassan
9W3Me-nb,Khuda Kare Ke Mohabbat Mein,Talat Aziz,Tribute To My Master Mehdi Hassan By Talat Aziz,hindi,2013.0,2010s,117.454,0.080804,2168.513,Mehdi Hassan
P2IPVhVa,Ranjish Hi Sahi,Talat Aziz,Tribute To My Master Mehdi Hassan By Talat Aziz,hindi,2013.0,2010s,123.047,0.063513,1092.066,Mehdi Hassan
CdhWE6NN,Mohbbaat Karne Wale Kam Na Honge,Talat Aziz,Tribute To My Master Mehdi Hassan By Talat Aziz,hindi,2013.0,2010s,92.285,0.068928,1106.107,Mehdi Hassan
dpoF-8-3,Yaar Tha Dildar Tha,"Ahmed Hussain, Mohammed Hussain",Ghazal Ka Safar - Mehdi Hassan N Ghulam - Vol - 3.,hindi,1996.0,1990s,129.199,0.113753,1802.457,Mehdi Hassan
cVpnFUgV,Ae Mohabbat Tere Anjaam Pe Rona Aya,Begum Akhtar,A Journey With Begum Akhtar,hindi,1991.0,1990s,107.666,0.093343,1207.762,Begum Akhtar
89VCkzbV,Ae Mohabbat Tere Anjaam Pe Rona Aya,Begum Akhtar,The Very Best - Begum Akhtar,hindi,2003.0,2000s,107.666,0.093343,1207.762,Begum Akhtar
MBeemHjw,Ae Mohabbat Tere Anjaam Pe Rona Aya,Begum Akhtar,G. M - Begum Akhtar - Aye Mohabbat,hindi,1999.0,1990s,107.666,0.093343,1207.762,Begum Akhtar
WnogRHxk,Ae Mohabbat Tere Anjaam Pe Rona Aya,"Murli Manohar Swarup, Begum Akhtar",Aye Mohabat Tere Anjam Pe Rona Aaya,hindi,2011.0,2010s,107.666,0.093343,1207.762,Begum Akhtar
eL4rPTX7,Ae Mohabbat Tere Anjaam Pe Rona Aya,Begum Akhtar,Ab Chhalakte Huye Sagar,urdu,1999.0,1990s,112.347,0.0937,1213.461,Begum Akhtar
4B_OeKAw,Joi Joi Pyaro Kare,Devi Neha Saraswat,Joi Joi Pyaro Kare,hindi,2025.0,2020s,123.047,0.14568,1836.605,Begum Akhtar
xW72NE6w,Mere Humnafas Mere Humnava,"Khayyam, Begum Akhtar",A Journey With Begum Akhtar,hindi,1991.0,1990s,112.347,0.079232,1961.161,Begum Akhtar
u1btJFnE,Mere Humnafas Mere Humnava,Begum Akhtar,Ab Chhalakte Huye Sagar,urdu,1999.0,1990s,117.454,0.079402,1968.265,Begum Akhtar
Wa2BbiJQ,Mere Humnafas Mere Humnava,"Khayyam, Begum Akhtar",The Very Best - Begum Akhtar,hindi,2003.0,2000s,112.347,0.079232,1961.161,Begum Akhtar
fSB5uOrk,Mere Humnafas Mere Humnava,"Khayyam, Begum Akhtar",G. M - Begum Akhtar - Aye Mohabbat,hindi,1999.0,1990s,112.347,0.079232,1961.161,Begum Akhtar
FX5Sl_Ag,Chaahat Mein Kya,Talat Aziz,Shahkaar,hindi,1997.0,1990s,161.499,0.053984,2153.671,Talat Aziz
q6C9g95y,Sab Kuchh Tha,Talat Aziz,Sab Kuchh Tha,hindi,2023.0,2020s,99.384,0.135771,1620.635,Talat Aziz
yXkamxaH,Zindagi Jab Bhi,"Khayyam, Talat Aziz",Umrao Jaan,hindi,1981.0,1980s,184.57,0.17246,2011.906,Talat Aziz
nzCGtqDI,Ab Kya Ghazal Sunaoon (Album Version),Talat Aziz,Jagjit Singh Presents Talat Aziz,hindi,2008.0,2000s,92.285,0.113546,1494.412,Talat Aziz
rugAVUmr,Aaina Mujhse Mere,Talat Aziz,Daddy,hindi,1992.0,1990s,172.266,0.10174,2375.554,Talat Aziz
pAZ21uV4,Yeh Zindagi Ka Safar,"Laxmikant - Pyarelal, Talat Aziz, Kavita Krishnamurthy",Gumraah,hindi,1993.0,1990s,117.454,0.023163,1883.985,Talat Aziz
-L2UMvGN,Duniya Kisi Ke Pyar Mein Jannat Se Kam Nahin,"Lal Mohd. Iqbal, Talat Aziz",G. M. - Talat Aziz - Rukhse Parda Hata Dijiye,hindi,1999.0,1990s,103.359,0.078745,2966.322,Talat Aziz
cVQNWuxK,Duniya Kisi Ke Pyar Mein Jannat Se Kam Nahin,Talat Aziz,Aye Dosti Teri Dosti,hindi,2009.0,2000s,107.666,0.078022,2969.823,Talat Aziz
pacxPqgK,Ghazal Mein Doobna (Album Version),Anup Jalota,The Great Ghazals,hindi,2008.0,2000s,172.266,0.079942,1356.353,Anup Jalota Ghazals
ug9YRwpD,Main Ghazal Hoon (Album Version),Lalit Gurwara,Main Ghazal Hoon,hindi,2008.0,2000s,103.359,0.084492,1549.674,Anup Jalota Ghazals
xmmw4KRF,Yaadi Bhari Ghazal,"Anup Jalota, Nisha Upadhyay",Yaadi Bhari Ghazal,gujarati,2024.0,2020s,117.454,0.145151,1809.389,Anup Jalota Ghazals
O16Tr_YA,Koi Sabab Zaroor Tha,"Anup Jalota, Vidhi Sharma",Anup Jalota- The Ghazal Maestro,urdu,2017.0,2010s,129.199,0.196376,1716.298,Anup Jalota Ghazals
ix-8auui,Koi Sabab Zaroor Tha,"Anup Jalota, Vidhi Sharma",Anup Jalota - The Ghazal Great,urdu,2020.0,2020s,129.199,0.197179,1679.089,Anup Jalota Ghazals
YCbsbZpu,Tere Lab Ko Hansne Ki Aadat,Anup Jalota,Anup Jalota - The Ghazal Great,urdu,2020.0,2020s,151.999,0.176865,1676.84,Anup Jalota Ghazals
_Ip_fwDm,Dil Lagane Ki Baat,Anup Jalota,Anup Jalota - The Ghazal Great,urdu,2020.0,2020s,135.999,0.119508,1783.718,Anup Jalota Ghazals
yL11c4PH,Na Jab Tak Mile Dil,Anup Jalota,Anup Jalota - The Ghazal Great,urdu,2020.0,2020s,135.999,0.163308,1842.812,Anup Jalota Ghazals
vPDv0Rwd,Na Jab Tak Mile Dil,Anup Jalota,Anup Jalota- The Ghazal Maestro,urdu,2017.0,2010s,135.999,0.163109,1876.314,Anup Jalota Ghazals
GcfIiEjB,Har Ek Lafz,"Anup Jalota, Vidhi Sharma",Anup Jalota - The Ghazal Great,urdu,2020.0,2020s,89.103,0.186844,1698.696,Anup Jalota Ghazals
jpUbfpa9,Aaj Jane Ki Zid Na Karo,Fayyaz Hashmi,Malika-E-Ghazal Farida Khanum,hindi,2003.0,2000s,107.666,0.051257,1016.344,Farida Khanum
MrzMjRJC,Jab Us Zulf Ki Baat Chali,Khatir Ghaznavi,Malika-E-Ghazal Farida Khanum,hindi,2003.0,2000s,99.384,0.069729,1845.367,Farida Khanum
1sTwisNC,Ye Kya Ki Ik Jahaan Ko,Sufi Tabassum,Follow Me Farida Khanum,hindi,2015.0,2010s,117.454,0.098809,1323.108,Farida Khanum
dLPMbWx-,Mere Hum Nafas Mere,Shakeel Badayuni,Malika-E-Ghazal Farida Khanum,hindi,2003.0,2000s,135.999,0.065647,1925.04,Farida Khanum
xZ1ROH8L,Girafta Dil Hai Bahut Aaj Tere Diwane,Nasir Kazmi,Follow Me Farida Khanum,hindi,2015.0,2010s,143.555,0.072501,1274.986,Farida Khanum
NKMTO9Ot,Mere Qaboo Mein Na Pahron Dil E Nashaad,Daagh Dehlvi,Follow Me Farida Khanum,hindi,2015.0,2010s,99.384,0.043173,1264.711,Farida Khanum
q0iqdY4V,Woh Ishq Jo Hamse Ho,Athar Nafees,Malika-E-Ghazal Farida Khanum,hindi,2003.0,2000s,92.285,0.120939,1701.597,Farida Khanum
_vxW_ehU,Phool Barsata Hua,Syed Saleem Gilani,Malika-E-Ghazal Farida Khanum,hindi,2003.0,2000s,103.359,0.085251,2064.35,Farida Khanum
WVYv_gN9,Woh Kabhi Mil Jaye To Kya Kijiye,Akhtar Sheerani,Follow Me Farida Khanum,hindi,2015.0,2010s,117.454,0.150674,1412.93,Farida Khanum
sjiXQyxt,Dayar-E-Dil Ki Raah Main,Nasir Kazmi,Malika-E-Ghazal Farida Khanum,hindi,2003.0,2000s,123.047,0.107061,1528.164,Farida Khanum
T-3C7D_a,Tum Ko Dekha To Yeh Khayal Aaya,"Kuldeep Singh, Jagjit Singh, Chitra Singh",Great Duets - Vol. 3,hindi,1997.0,1990s,161.499,0.081507,1054.323,Jagjit Singh Chitra Singh Duet
8tJhjtiJ,"Baat Logon Se Sanam (From ""Rahguzar"")","Jaswant Singh, Chandra-Surya",Ghazal (The Master Collection),hindi,2014.0,2010s,117.454,0.165001,2712.037,Best Ghazals Collection
Rfzmoec5,"Na Kajare Ki Dhar (From ""Mohra"")","Pankaj Udhas, Sadhana Sargam",Bollywood & Ghazal Collection of Pankaj Udhas,hindi,2016.0,2010s,143.555,0.08385,2744.551,Best Ghazals Collection
GR_-lhWV,"Aaj Phir Shaam Se Udasi Hai (From ""Rahguzar"")","Jaswant Singh, Chandra-Surya",Ghazal (The Master Collection),hindi,2014.0,2010s,89.103,0.169408,3048.624,Best Ghazals Collection
Srxnn7C7,"Jeeye to Jeeye Kaise (From ""Saajan"")",Pankaj Udhas,Bollywood & Ghazal Collection of Pankaj Udhas,hindi,2016.0,2010s,129.199,0.104755,2681.584,Best Ghazals Collection
UYQpy_NA,Jeeye To Jeeye Kaise-Solo,"Nadeem, Shravan, Pankaj Udhas",Bollywood And Ghazal Collection Of Pankaj Udhas,hindi,2013.0,2010s,129.199,0.100484,2661.457,Best Ghazals Collection
5fpm3S-s,Aaj Phir Unka Saamna,Jagjit Singh,Geet Ghazal Collection,hindi,2013.0,2010s,172.266,0.074137,2455.427,Best Ghazals Collection
r6wgMovk,"Aye Mere Maula (From ""Shyphonic Sufi"")","Prithvi Gandharv, Chandra-Surya",Ghazal (The Master Collection),hindi,2014.0,2010s,89.103,0.074133,2950.725,Best Ghazals Collection
KE959ryn,"Chhupana Bhi Nahin Aata (From ""Baazigar"")",Pankaj Udhas,Bollywood & Ghazal Collection of Pankaj Udhas,hindi,2016.0,2010s,151.999,0.038825,2355.276,Best Ghazals Collection
8fEl78XI,"Mat Kar Itna Garoor (From ""Aadmi Khilona Hai"")","Pankaj Udhas, Alka Yagnik",Bollywood & Ghazal Collection of Pankaj Udhas,hindi,2016.0,2010s,83.354,0.088379,2191.649,Best Ghazals Collection
PvgXaU0i,Woh Jo Ham Men Tum Men Qarar Tha,Begum Akhtar,The Golden Collection Ghazals And Geets Khaiyyaam,urdu,2001.0,2000s,112.347,0.098702,1376.707,Best Ghazals Collection
FB_gYbKw,Purani Gazal,Aniruddha Goal,Purani Gazal,hindi,2024.0,2020s,99.384,0.07466,938.37,Purani Ghazals
YStN9nfe,Ahista (Album Version),Pankaj Udhas,Hothon Se Chhu Lo Tum - Romantic Ghazals,hindi,2014.0,2010s,89.103,0.13662,1033.299,Romantic Ghazals
raLPN1Pl,Noor - A Romantic Ghazal Single,Sudeep Banerji,Noor - A Romantic Ghazal Single,hindi,2018.0,2010s,99.384,0.148573,1878.046,Romantic Ghazals
1iOZfZIc,Jab Khud Par,Lalitya Munshaw,Lalitya Munshaw - Ghazals & Romantic,hindi,2022.0,2020s,161.499,0.210825,1199.322,Romantic Ghazals
Hr7bIiHA,Ishq Da Saagar | Romantic Ghazal Song,SONI MUKESH,Ishq Da Saagar | Romantic Ghazal Song,hindi,2026.0,2020s,143.555,0.105637,2404.019,Romantic Ghazals
eJEvMAvF,Andaaz-e-Karam | Romantic Ghazal | Soulful Urdu 2026,Mukesh Love Vibes,Andaaz-e-Karam | Romantic Ghazal | Soulful Urdu 2026,hindi,2026.0,2020s,151.999,0.117869,1367.456,Romantic Ghazals
piiAT_GS,Bole To Mitho Lage,"Lalitya Munshaw, Babu Khan, Kailash Khan, Gajee Khan, Sonu Khan Langa",Lalitya Munshaw - Ghazals & Romantic,hindi,2022.0,2020s,99.384,0.134531,1946.964,Romantic Ghazals
OiLrPtpr,"वो बेवफ़ा हो गए, देखते देखते - Romantic Ghazal Soul Full New |",Mukesh Love Vibes,"वो बेवफ़ा हो गए, देखते देखते - Romantic Ghazal Soul Full New |",hindi,2026.0,2020s,112.347,0.079761,1628.107,Romantic Ghazals
Sl9dzegZ,Bahut Khoobsurat Ghazal,"Kumar Sanu, Aadesh Shrivastava",Kumar Sanu Romantic Songs,hindi,2015.0,2010s,135.999,0.207332,2407.864,Romantic Ghazals
_mIFPZ-f,Baat Dil Ki Dil Se,Lalitya Munshaw,Lalitya Munshaw - Ghazals & Romantic,hindi,2022.0,2020s,117.454,0.167574,1710.15,Romantic Ghazals
Ox9jBc56,Sad Ghazal,Badar Malang,Sad Ghazal,pashto,2025.0,2020s,107.666,0.202264,1754.022,Sad Ghazals
MjouDpAw,Maar Degi Bewafai Teri (Sad Ghazal),"Nasir Hussain, Faizan Hussain",Maar Degi Bewafai Teri,hindi,2023.0,2020s,99.384,0.078332,2223.462,Sad Ghazals
GruxIljT,Yaad Aayegi Tumko Hamari (Sad Ghazal),Munawwar Taj Qadri,Yaad Aayegi Tumko Hamari,hindi,2023.0,2020s,129.199,0.145077,2314.586,Sad Ghazals
AUfNmF06,Barso Purana Yaar Tha (Sad Ghazal),Rajkumar Swami,Barso Purana Yaar Tha (Sad Ghazal),hindi,2021.0,2020s,99.384,0.263978,2485.821,Sad Ghazals
5dDgokWi,Teri Khushi Ke Vaste Chhoda Tera Shehar (Sad Ghazal),Arshad Kamli,Teri Khushi Ke Vaste Chhoda Tera Shehar,hindi,2023.0,2020s,143.555,0.169915,2486.892,Sad Ghazals
x5DCze05,Ruswayi (Sad Ghazal),Zeba Naaz,Ruswayi,hindi,2022.0,2020s,161.499,0.160457,2371.357,Sad Ghazals
SzvbURuZ,Sitamgar (Sad Ghazal),Shaukat Irfan Sabri,Sitamgar,hindi,2022.0,2020s,107.666,0.059377,1862.729,Sad Ghazals
VDcBu_J6,Tu Sharabi (Sad Ghazal),"Nasir Hussain, Faizan Hussain",Tu Sharabi,hindi,2023.0,2020s,135.999,0.079706,2163.576,Sad Ghazals
obSbkYYv,Broken Heart Very Sad Ghazal,Yasmeen Khatoon,Broken Heart Very Sad Ghazal,hindi,2026.0,2020s,112.347,0.236813,2544.423,Sad Ghazals
odBLTT4d,Tere Bagair Zindagi (Sad Ghazal),Zeba Naaz,Tere Bagair Zindagi,hindi,2022.0,2020s,161.499,0.146556,2258.206,Sad Ghazals
lBpXBm4t,Teri Chah Mein,Kavita Krishnamurthy,The Versatile Kavita Krishnamurthy,hindi,2018.0,2010s,73.828,0.176985,1123.231,Ahmed Hussain Mohammed Hussain
RMGJ44x1,Teri Chah Mein,"Kavita Krishnamurthy, Ahmed Hussain-Mohammed Hussain",Kavita Krishnamurthy - The Singing Icon,hindi,2016.0,2010s,73.828,0.177265,1121.921,Ahmed Hussain Mohammed Hussain
-C6Cqoif,Dil Ki Chalegi,Javed Hussain,Tanhaiyan - Sad Romantic Songs,hindi,2004.0,2000s,99.384,0.085036,1744.649,Ahmed Hussain Mohammed Hussain
LSJOMT6t,Teri Chah Mein,Kavita Krishnamurthy,Women's Day Special,hindi,2014.0,2010s,73.828,0.177291,1122.038,Ahmed Hussain Mohammed Hussain
WRnV9JmE,Jab Khud Par,"Lalitya Munshaw, Ahmed Hussain-Mohammed Hussain",Shikwa - Sentimental Ghazals,hindi,2015.0,2010s,123.047,0.171631,1214.514,Ahmed Hussain Mohammed Hussain
zOh07QkF,Kya Khabar Kaisi Hogi,Javed Ali,The Love Lounge,hindi,2015.0,2010s,117.454,0.144255,1047.625,Ahmed Hussain Mohammed Hussain
3hbHdSuL,"Zindagi Jab Bhi (From ""Umrao Jaan"")",Talat Aziz,Unwind with Soulful Ghazals,hindi,2020.0,2020s,184.57,0.172848,2011.337,Umrao Jaan Ghazals
2oNnVhlR,"Zindagi Jab Bhi (From ""Umrao Jaan"")",Talat Aziz,Best of Talat Aziz Ghazals,hindi,2017.0,2010s,184.57,0.172427,2015.007,Umrao Jaan Ghazals
2zJTQ6rG,"Justuju Jiski Thi (From ""Umrao Jaan"")",Asha Bhosle,Classic Ghazals,hindi,2018.0,2010s,117.454,0.090392,1074.321,Umrao Jaan Ghazals
ol_zNuv8,"Justuju Jiski Thi (From ""Umrao Jaan"")",Asha Bhosle,Jhuki Jhuki Si Nazar - Romantic Ghazals,hindi,2018.0,2010s,117.454,0.090389,1073.346,Umrao Jaan Ghazals
rkNO5C5_,Chori Chori Chupke Chupke,"Udit Narayan, Shreya Ghoshal",Krrish,hindi,2006.0,2000s,143.555,0.066398,1931.116,Ghulam Ali Chupke Chupke
VXJIgLZW,Jaaneman Chupke Chupke,"Udit Narayan, Alka Yagnik",Muskaan,hindi,2003.0,2000s,107.666,0.115748,2318.442,Ghulam Ali Chupke Chupke
li1cawOg,Chupke Chupke,"Ghani, Ali, Pankaj Udhas",Mahek,hindi,1999.0,1990s,161.499,0.063253,1969.026,Ghulam Ali Chupke Chupke
Qclo41oB,Chori Chori Chupke Chupke (Trap Mix),"Farooq Got Audio, Alka Yagnik, Babul Supriyo",Chori Chori Chupke Chupke (Trap Mix),hindi,2023.0,2020s,135.999,0.302622,2648.1,Ghulam Ali Chupke Chupke
pa9vUpCj,Chupke Chupke,Jagjit Singh,The Golden Collection Jagjit And Chitra Singh,hindi,2006.0,2000s,184.57,0.101892,2039.31,Ghulam Ali Chupke Chupke
I42Jlqov,Chupke Se,"A.R. Rahman, Sadhana Sargam, Murtuza, Qadir, Gulzar",Saathiya,hindi,2002.0,2000s,103.359,0.052362,2712.128,Ghulam Ali Chupke Chupke
Da1t3Eei,Chupke Chupke Raat Din LoFi,Dixit Seth,Chupke Chupke Raat Din LoFi,hindi,2025.0,2020s,117.454,0.134333,1234.079,Ghulam Ali Chupke Chupke
2E-xuArx,Ab Ke Sajan Sawan Mein,Lata Mangeshkar,Chupke Chupke,hindi,1975.0,1970s,99.384,0.143973,2182.669,Ghulam Ali Chupke Chupke
mpEb00I9,Ab Ke Sajan Sawan Mein,"S. D. Burman, Lata Mangeshkar",Chupke Chupke,hindi,1975.0,1970s,95.703,0.089101,2374.974,Ghulam Ali Chupke Chupke
XTVW6adg,Jaaneman Chupke Chupke,Anuradha Paudwal,Muskaan,hindi,2003.0,2000s,161.499,0.229118,2149.031,Ghulam Ali Chupke Chupke
Hpu3KfCo,Maze Maaher Pandhari - Pandit Bhimsen Joshi,Pt. Bhimsen Joshi,Abhanga Vani,marathi,1960.0,pre-1970s,112.347,0.0633,1545.914,Bhimsen Joshi
jXLTYuMz,Indrayani Kathi,Pt. Bhimsen Joshi,Golden Hour - Bhimsen Joshi,marathi,2001.0,2000s,184.57,0.047715,1111.501,Bhimsen Joshi
3RumSttJ,Paavlo Pandhari Vaikunthabhuvan,Pt. Bhimsen Joshi,Bhimsen Joshi - Abhangvani,marathi,1982.0,1980s,151.999,0.069164,2068.537,Bhimsen Joshi
HmBn_06r,Yake Mukanandyo Guruve,Pt. Bhimsen Joshi,Raagas Of Bhimsen Joshi,kannada,2018.0,2010s,198.768,0.123485,891.122,Bhimsen Joshi
8a3d5qVs,Sumati Sita Ram Pt. Bhimsen Joshi,"Shrinivas Khale, Anil Mohile, Pt. Bhimsen Joshi",Rasrang - Shringar N Bhakti - Pt. Bhimsen,hindi,2002.0,2000s,151.999,0.050956,1725.475,Bhimsen Joshi
Zmb4te1Y,Sumati Sita Ram Pt. Bhimsen Joshi,"Shrinivas Khale, Anil Mohile, Pt. Bhimsen Joshi",Bhjans By Legends - Pt. Kumar Gandharva N Pt. Bhimse,hindi,2003.0,2000s,151.999,0.050956,1725.475,Bhimsen Joshi
fDaa8thx,Yake Mukanandyo Guruve,Pt. Bhimsen Joshi,Bhagyada Lakshmi Baramma - Pt. Bhimsen Joshi - Vol. 01,kannada,2011.0,2010s,95.703,0.05598,1718.189,Bhimsen Joshi
jPrziXgZ,Bhaagyada Lakshmi Baaramma,Pt. Bhimsen Joshi,Raagas Of Bhimsen Joshi,kannada,2018.0,2010s,151.999,0.070589,1058.055,Bhimsen Joshi
68TZiLoK,Bhaagyada Lakshmi Baaramma,Pt. Bhimsen Joshi,Bhagyada Lakshmi Baramma - Pt. Bhimsen Joshi - Vol. 01,kannada,2011.0,2010s,172.266,0.070551,1048.858,Bhimsen Joshi
fXJgiLst,Ketaki Gulab Juhi,"Pt. Bhimsen Joshi, Manna Dey",Padma Vibhushan Pt. Bhimsen Joshi,hindi,1999.0,1990s,83.354,0.067478,1321.912,Bhimsen Joshi
yK_JE4f6,Bolava Vithal Pahava Vithal - 1987,Kishori Amonkar,Rangi Rangala Shrirang - Abhang,marathi,1961.0,pre-1970s,172.266,0.101862,2114.701,Kishori Amonkar
Bvdoxazb,Bolava Vithal Pahava Vithal,Kishori Amonkar,Golden Hour - Gaan Saraswati Kishori Amonkar,marathi,1999.0,1990s,83.354,0.102462,2257.047,Kishori Amonkar
b7LirIjB,Avagha Rang Ek Jhala,Kishori Amonkar,Golden Hour - Gaan Saraswati Kishori Amonkar,marathi,1999.0,1990s,117.454,0.045586,1917.402,Kishori Amonkar
iib-QwcB,Shree Raghavendra Stotram,Kishori Amonkar,Shri Raghavendra Baaro,kannada,2007.0,2000s,129.199,0.025439,1490.381,Kishori Amonkar
TtQDEfOF,Maze Maaher Pandhari,Kishori Amonkar,Rangi Rangala Shrirang - Abhang,marathi,1961.0,pre-1970s,95.703,0.055587,2291.45,Kishori Amonkar
v5imJKna,Maze Maaher Pandhari,Kishori Amonkar,Golden Hour - Gaan Saraswati Kishori Amonkar,marathi,1999.0,1990s,95.703,0.056092,2347.607,Kishori Amonkar
xpI97pwY,Sahelare Aa Mil Gae - Bhoop Drut,Kishori Amonkar,Kishori Amonkar Classical Vocal,hindi,1971.0,1970s,117.454,0.05682,1455.913,Kishori Amonkar
nKBPmiQ0,Sahelare Aa Mil Gae - Bhoop(Drut),Kishori Amonkar,Kishori Amonkar - Bhoop Bageswari,hindi,1990.0,1990s,143.555,0.057068,1440.618,Kishori Amonkar
mlrg40G5,Avgha To Shakun,Kishori Amonkar,Golden Hour - Gaan Saraswati Kishori Amonkar,marathi,1999.0,1990s,151.999,0.088307,2137.395,Kishori Amonkar
_9A8U28f,Avgha To Shakun,Kishori Amonkar,Rangi Rangala Shrirang - Abhang,marathi,1961.0,pre-1970s,151.999,0.087779,2047.633,Kishori Amonkar
PjLPCuPT,Deewana Kar Raha Hai,Javed Ali,Raaz 3: The Third Dimension,hindi,2012.0,2010s,151.999,0.102116,1733.661,Ustad Rashid Khan
pQvLQi92,Tu Milta Hai Mujhe,Raj Barman,Tu Milta Hai Mujhe,hindi,2021.0,2020s,95.703,0.12478,1953.729,Ustad Rashid Khan
_w31FiZW,Main Zindagi Ka Saath Nibhata Chala Gaya,Mohammed Rafi,Hum Dono,hindi,1961.0,pre-1970s,89.103,0.084592,1854.92,Ustad Rashid Khan
OOXJzH09,Tu Banja Gali Benaras Ki Feat. Asees Kaur,Asees Kaur,Shaadi Mein Zaroor Aana,hindi,2017.0,2010s,78.303,0.164435,2026.753,Ustad Rashid Khan
PgqHU2qt,Kabhi Aayine Pe Likha Tujhe,"Rashid Khan, KK",Hate Story 2,hindi,2014.0,2010s,103.359,0.141135,1562.103,Ustad Rashid Khan
WIWPqO79,Dhadkanein Meri,"Yasser Desai, Asees Kaur",Dhadkanein Meri,hindi,2019.0,2010s,103.359,0.114348,1314.097,Ustad Rashid Khan
17hR3RuA,Tu Banja Gali Benaras Ki,Asit Tripathy,Shaadi Mein Zaroor Aana,hindi,2017.0,2010s,107.666,0.1929,1844.958,Ustad Rashid Khan
PaSQ9ICO,Tu Banja Gali Benaras Ki,Asit Tripathy,The Bollywood Wedding Collection,hindi,2025.0,2020s,107.666,0.192257,1791.456,Ustad Rashid Khan
6U0Pev8l,Shiv Dhun (Shiv Stuti Bhajan),Pandit Jasraj,Bhajan Saagar,hindi,2009.0,2000s,161.499,0.06265,1182.56,Pandit Jasraj
HqxhC2Fq,Shiv Dhun (Shiv Stuti Bhajan),Pandit Jasraj,Shiv Upasana,hindi,2009.0,2000s,151.999,0.062903,1203.205,Pandit Jasraj
HW9pdkdE,Vaada Tumse Hain Vaada,Pandit Jasraj,1920,hindi,2009.0,2000s,95.703,0.156019,1691.176,Pandit Jasraj
Gf11PzlG,Hanuman Chalisa,"Pandit Jasraj, Shankar Mahadevan",Chalisa Sangrah,hindi,2026.0,2020s,143.555,0.136644,1372.198,Pandit Jasraj
pUM66mgR,Hanuman - Hanuman Chalisa,"Pandit Jasraj, Shankar Mahadevan",Devotional Hits - Shankar Mahadevan,hindi,2024.0,2020s,143.555,0.136644,1372.198,Pandit Jasraj
HtZTxzH1,Hanuman Chalisa,"Pandit Jasraj, Shankar Mahadevan",My Devotional Favourites - Shankar Mahadevan,hindi,2014.0,2010s,151.999,0.136714,1399.623,Pandit Jasraj
W25sVT6u,Hanuman Chalisa,"Pandit Jasraj, Shankar Mahadevan",Shankar Mahadevan Devotional Songs,hindi,2024.0,2020s,143.555,0.136644,1372.198,Pandit Jasraj
SwxZtPQq,Hanuman Chalisa,"Pandit Jasraj, Shankar Mahadevan",Greatest Mantras & Bhajans by Pandit Jasraj,hindi,2024.0,2020s,143.555,0.136644,1372.198,Pandit Jasraj
-e3tsXXG,Hanuman Chalisa,"Pandit Jasraj, Shankar Mahadevan, Kedar Pandit",Spiritual Legacy - Pandit Jasraj,hindi,2014.0,2010s,99.384,0.136757,1398.148,Pandit Jasraj
QpctAs17,Hanuman Chalisa,"Pandit Jasraj, Shankar Mahadevan",Shankar Mahadevan Bhakti Geet,hindi,2025.0,2020s,143.555,0.136644,1372.198,Pandit Jasraj
pjFg1GEC,Bharoto Bhagyo Bidhata,Babul Supriyo,Rajkahini (Original Motion Picture Soundtrack),bengali,2015.0,2010s,161.499,0.084869,2639.836,Kaushiki Chakraborty
ph4fIgJs,Ay Tobe Shohochori,"Kaushiki Chakraborty, Rabindranath Tagore",Kadambari,bengali,2015.0,2010s,107.666,0.105487,1436.452,Kaushiki Chakraborty
ufhTzJer,Tumi Kon Kanoner Ful,Kaushiki Desikan,Ravindra Nath Tagore Spl,bengali,2013.0,2010s,99.384,0.092117,2446.816,Kaushiki Chakraborty
GN4gPtH6,Gaayeja,"Kaushiki Chakraborty, Mahesh Kale",Gaayeja,hindi,2017.0,2010s,117.454,0.099336,1840.782,Kaushiki Chakraborty
N75rlfcw,Madhuro Madhuro,Kaushiki Desikan,Ravindra Nath Tagore Spl,bengali,2013.0,2010s,123.047,0.155994,2013.475,Kaushiki Chakraborty
3nExZ9Za,Lagi Lagi,"Mami Verte, Kaushiki Chakravarty, David Lalliansanga Vocals, Shantanu Moitra",Coke Studio S2,hindi,2023.0,2020s,258.398,0.11548,786.077,Kaushiki Chakraborty
Ae4BFAY7,Naanaagiya Nadhimoolamae,"Kamal Haasan, Kaushiki Chakraborty, Master Karthik Suresh Iyer",Vishwaroopam Ii,tamil,2018.0,2010s,103.359,0.168631,1605.621,Kaushiki Chakraborty
UkGHVzFc,Baithi Hun,"Kaushiki Chakraborty, Shantanu Moitra",Pankh,hindi,2025.0,2020s,103.359,0.052627,990.638,Kaushiki Chakraborty
38CRmn8S,Aj Notun Probhat,"Kaushiki Chakraborty, Bickram Ghosh",Kadambari,bengali,2015.0,2010s,151.999,0.05325,1332.264,Kaushiki Chakraborty
_NlqSPQb,Chillendra Chillendra,"Munna Shaoukat Ali, M. Ghibran, Sundar Narayana Rao, Kaushiki Chakrabarty",Thirumanam Enum Nikkah (Original Motion Picture Soundtrack),tamil,2013.0,2010s,112.347,0.152011,1821.022,Kaushiki Chakraborty
DgCG_O6p,Aba More Ram,Pt Vinayak Torvi,Hindustani Classical Vocal,hindi,2000.0,2000s,95.703,0.114804,1763.245,Hindustani Classical Vocal
rKvA2VjZ,Jao Jao Jao Ji (Thumri),Siddheshwari Devi,Hindustani Classical Vocal,hindi,2025.0,2020s,92.285,0.12307,1133.21,Hindustani Classical Vocal
qfO4QB-y,Sanjh Bhaee Ghar Aao Nandlal (Thumri),Siddheshwari Devi,Hindustani Classical Vocal,hindi,2025.0,2020s,107.666,0.083382,1395.417,Hindustani Classical Vocal
y37Y0yH1,Sung Chala Diya Ve (Tappa),Siddheshwari Devi,Hindustani Classical Vocal,hindi,2025.0,2020s,161.499,0.114016,1146.939,Hindustani Classical Vocal
TawdAY04,Khelata Hai Giridhari,Pt Vinayak Torvi,Hindustani Classical Vocal,hindi,2000.0,2000s,151.999,0.166444,1770.038,Hindustani Classical Vocal
QWRMtxio,Om Namo Bhagwatey Vasudevaya (Live),Pandit Suman Ghosh,Hindustani Classical Vocal,hindi,2006.0,2000s,161.499,0.064104,1545.71,Hindustani Classical Vocal
AyU5k9CH,Mangalam Bhagwaan Vishnu: Taal Deepchandi (Live),Pandit Suman Ghosh,Hindustani Classical Vocal,hindi,2006.0,2000s,135.999,0.090828,1604.501,Hindustani Classical Vocal
l1S7QP81,Ghat Bhar Dehon: Bhajan In Raag Yaman (Live),Pandit Suman Ghosh,Hindustani Classical Vocal,hindi,2006.0,2000s,143.555,0.081361,1458.996,Hindustani Classical Vocal
H2EE2ECb,"Raag Kaunsi Kanada: Madhya-Laya Jhaptaal, Drut-Teentaal (Live)",Pandit Suman Ghosh,Hindustani Classical Vocal,hindi,2006.0,2000s,112.347,0.101605,1675.308,Hindustani Classical Vocal
ZRQgkGlh,Raag Madhuvanthi,Shyamala G. Bhave,Hindustani Classical Vocal,kannada,1991.0,1990s,92.285,0.099327,1527.394,Hindustani Classical Vocal
FuU0D5qY,Paani Chagarani Laayaa (Tappa),Siddheshwari Devi,Hindustani Classical Vocal,hindi,2025.0,2020s,151.999,0.109621,1106.414,Hindustani Classical Vocal
s_clN6u8,Mishra Piloo Gat Pt. Ravi Shankar,Pandit Ravi Shankar,Ravi Shankar Monument Of Strings Sitar,hindi,1991.0,1990s,117.454,0.026069,2407.477,Pandit Ravi Shankar Sitar
VHOOwWh_,Raga Rasia,Pt. Ravi Shankar,Pt. Ravi Shankar - Sitar,hindi,1992.0,1990s,123.047,0.030604,2288.074,Pandit Ravi Shankar Sitar
FmGJAkbn,Marwa-Puriya Kalyan - Pt. Ravi Shankar,Pandit Ravi Shankar,Pt. Ravi Shankar - Sitar,hindi,1992.0,1990s,112.347,0.046593,1772.103,Pandit Ravi Shankar Sitar
M1C9_pHM,Raga - Todi - PtRavi Shankar (Sitar),Pt. Ravi Shankar,Instrumental Hits Of Pt.Ravi Shankar,hindi,2022.0,2020s,71.777,0.06381,1169.306,Pandit Ravi Shankar Sitar
yBvBmgqG,Raga - Manj Khamaj - PtRavi Shankar (Sitar),Pt. Ravi Shankar,Instrumental Hits Of Pt.Ravi Shankar,hindi,2022.0,2020s,112.347,0.056656,2201.335,Pandit Ravi Shankar Sitar
_GU9HpH_,Alahaya Bilawal - Vilambit Gat Drut,Pt. Ravi Shankar,Pt. Ravi Shankar - Sitar,hindi,1992.0,1990s,95.703,0.012977,1973.984,Pandit Ravi Shankar Sitar
CIsmASsI,Simhendra Madhyamam - Alap And Gat,Pt. Ravi Shankar,Pt. Ravi Shankar - Sitar,hindi,1992.0,1990s,143.555,0.060151,1213.896,Pandit Ravi Shankar Sitar
yt-RQbp1,Yemanmanj - Tilak Shyam,Pt. Ravi Shankar,Pt. Ravi Shankar - Sitar,hindi,1992.0,1990s,123.047,0.046419,2166.189,Pandit Ravi Shankar Sitar
kMtCw-8g,Improvisation On The Theme Music From - Pather Panchali,Pt. Ravi Shankar,Pt. Ravi Shankar - Sitar,hindi,1992.0,1990s,151.999,0.05305,1017.785,Pandit Ravi Shankar Sitar
zofzclBK,Mishra Pilu To Thumry Style,Pt. Ravi Shankar,Pt. Ravi Shankar - Sitar,hindi,1992.0,1990s,135.999,0.06385,1260.866,Pandit Ravi Shankar Sitar
3gttj9_U,Lalit - Alap And Gat,Ustad Amjad Ali Khan,Dawn Dreams - Ustad Amjad Ali Khan - Sarod,hindi,1989.0,1980s,161.499,0.023172,1542.855,Ustad Amjad Ali Khan Sarod
bKRSr2pd,Jaunpuri - Gat,Ustad Amjad Ali Khan,Dawn Dreams - Ustad Amjad Ali Khan - Sarod,hindi,1989.0,1980s,95.703,0.058211,1349.767,Ustad Amjad Ali Khan Sarod
OF40vi-b,Jaunpuri - Alap,Ustad Amjad Ali Khan,Dawn Dreams - Ustad Amjad Ali Khan - Sarod,hindi,1989.0,1980s,117.454,0.012777,1539.973,Ustad Amjad Ali Khan Sarod
L7lKfjq0,Raag Rageshwari - Sarod,Ustad Amjad Ali Khan,Ragas-Morning To Midnight,hindi,1991.0,1990s,135.999,0.008456,1638.709,Ustad Amjad Ali Khan Sarod
spyTNad5,Raga Bhairavi,Ustad Amjad Ali Khan,Sarod Euphony - Ustad Amjad Ali Khan,hindustani,2017.0,2010s,89.103,0.187533,1574.241,Ustad Amjad Ali Khan Sarod
CyHkYJm8,Raga - Kanada,Ustad Amjad Ali Khan,Dawn Dreams - Ustad Amjad Ali Khan - Sarod,hindi,1989.0,1980s,123.047,0.012765,864.215,Ustad Amjad Ali Khan Sarod
A-OggMh5,Sarod By Ustad Amjad Ali Khan Aisa Koi And Dil Ka Rasia,Ustad Amjad Ali Khan,Vaada,hindi,2004.0,2000s,89.103,0.050679,1534.396,Ustad Amjad Ali Khan Sarod
NYqZxov5,Sarod,Ustad Amjad Ali Khan,Vaada,hindi,2004.0,2000s,135.999,0.03744,2273.892,Ustad Amjad Ali Khan Sarod
HsaMmSox,Sarod -Ustad Amjad Ali Khan,Ustad Amjad Ali Khan,Classical Instrumental Gems Vol-1,hindi,1955.0,pre-1970s,151.999,0.170452,798.211,Ustad Amjad Ali Khan Sarod
2pMOYTfb,Sarod Alaap And Gat - Ustad Amjad Ali Khan,Ustad Amjad Ali Khan,Bhikari Bal Dev Oriya,hindi,2016.0,2010s,117.454,0.036741,2724.522,Ustad Amjad Ali Khan Sarod
scm9LuHU,Maru Bihag,Ustad Bismillah Khan,Ustad Bismillah Khan - Shehnai,hindi,1996.0,1990s,99.384,0.16123,1287.197,Ustad Bismillah Khan Shehnai
S4FtnDzB,Maru Behag,Ustad Bismillah Khan,Ustad Bismillah Khan - Shehnai,hindi,1996.0,1990s,143.555,0.090173,1167.853,Ustad Bismillah Khan Shehnai
IAVeKhcO,Ahir Bhairav Ustad Bismillah Khan,Ustad Bismillah Khan,Ustad Bismillah Khan - Shehnai,hindi,1996.0,1990s,135.999,0.151593,1897.215,Ustad Bismillah Khan Shehnai
h3dCGJNO,Todi Ustad Bismillah Khan,Ustad Bismillah Khan,Ustad Bismillah Khan - Shehnai,hindi,1996.0,1990s,123.047,0.130944,1944.796,Ustad Bismillah Khan Shehnai
DbJesqx1,Mishra Khamaj,Ustad Bismillah Khan,Ustad Bismillah Khan - Shehnai,hindi,1996.0,1990s,107.666,0.092939,1764.243,Ustad Bismillah Khan Shehnai
BC0IXdK_,Bhupal Todi Ustad Bismillah Khan,Ustad Bismillah Khan,Ustad Bismillah Khan - Shehnai,hindi,1996.0,1990s,143.555,0.080662,1615.987,Ustad Bismillah Khan Shehnai
Rj0U5N43,Pilu - Thumri,Ustad Bismillah Khan,Ustad Bismillah Khan - Shehnai,hindi,1996.0,1990s,83.354,0.131624,1909.068,Ustad Bismillah Khan Shehnai
R4xWlQfV,Jogia Ustad Bismillah Khan,Ustad Bismillah Khan,Ustad Bismillah Khan - Shehnai,hindi,1996.0,1990s,129.199,0.05637,1544.919,Ustad Bismillah Khan Shehnai
z6bXe8Ea,Jaunpuri Ustad Bismillah Khan,Ustad Bismillah Khan,Ustad Bismillah Khan - Shehnai,hindi,1996.0,1990s,92.285,0.119609,2655.192,Ustad Bismillah Khan Shehnai
ew55Tf-M,Tilakkamod,Ustad Bismillah Khan,Ustad Bismillah Khan - Shehnai,hindi,1996.0,1990s,112.347,0.022582,2410.893,Ustad Bismillah Khan Shehnai
TR2k2hT2,Flute,Pandit Hariprasad Chaurasia,Silsila,hindi,1981.0,1980s,83.354,0.089549,1141.762,Pandit Hariprasad Chaurasia Flute
Dn0-IT65,Flute Music,Pandit Hariprasad Chaurasia,Sirivennela,instrumental,1986.0,1980s,129.199,0.102691,1360.344,Pandit Hariprasad Chaurasia Flute
g-jE5WH4,Raag Hansaddhwani - Flute,Pandit Hariprasad Chaurasia,Ragas-Morning To Midnight,hindi,1991.0,1990s,135.999,0.031636,1770.847,Pandit Hariprasad Chaurasia Flute
c1dRGhhY,Achyutam Keshavam (Flute),Pandit Ronu Majumdar,Achyutam Keshavam (Flute),instrumental,2025.0,2020s,161.499,0.257774,2009.394,Pandit Hariprasad Chaurasia Flute
IpxeqiRd,Raga Shuddha Sarang,Pandit Hariprasad Chaurasia,Pt. Hariprasad Chaurasia - Flute,hindi,2000.0,2000s,123.047,0.076283,1155.338,Pandit Hariprasad Chaurasia Flute
qtQWu2CF,Ahir Lalit - Hari Prasad Chaurasia,Pandit Hariprasad Chaurasia,Pt. Hariprasad Chaurasia - Flute,hindi,2000.0,2000s,135.999,0.1397,1553.225,Pandit Hariprasad Chaurasia Flute
lUsfV_0e,Jaijaiwanti Hari Prasad Chaurasia,Pandit Hariprasad Chaurasia,Flute - Hari Prasad Chaurasia,hindi,1994.0,1990s,123.047,0.032721,1261.179,Pandit Hariprasad Chaurasia Flute
ed0Gz_oc,Dhun - Mishra Piloo - Hari Prasad Chaurasia,Pandit Hariprasad Chaurasia,Pt. Hariprasad Chaurasia - Flute,hindi,2000.0,2000s,135.999,0.02114,1408.447,Pandit Hariprasad Chaurasia Flute
JVGSqwJH,Dhun Mishra Piloo Hari Prasad Chaurasia,Pandit Hariprasad Chaurasia,Flute - Hari Prasad Chaurasia,hindi,1994.0,1990s,89.103,0.021203,1332.223,Pandit Hariprasad Chaurasia Flute
NCBt78TF,Dhyan,Pandit Ronu Majumdar,Divine Flute,instrumental,2015.0,2010s,135.999,0.099165,1256.281,Pandit Hariprasad Chaurasia Flute
8DP6sdDj,Journey to Sixteen (Tabla),"Ustad Zakir Hussain, Ken Zuckerman",Rhythmic Impressions of Ustad Zakir Hussain,sanskrit,2024.0,2020s,129.199,0.031554,1523.307,Ustad Zakir Hussain Tabla
9Qwxy9Oh,Tabla Solo Recital Ustad Zakir Hussain,Ustad Zakir Hussain,Zakir Hussain - Tabla,hindi,1999.0,1990s,103.359,0.032833,1358.308,Ustad Zakir Hussain Tabla
4hiDvMPy,Tabla Solo Recital,Ustad Zakir Hussain,Deserts Of Rajasthan Ustad Zakir Hussain,hindi,2010.0,2010s,107.666,0.006123,2297.628,Ustad Zakir Hussain Tabla
FCLSa7_d,Jugalbandi in Teen Taal (Tabla),"Ustad Alla Rakha, Ustad Zakir Hussain",Together (Tribute to Masters from the same musical Family),sanskrit,2013.0,2010s,135.999,0.025672,2120.22,Ustad Zakir Hussain Tabla
zpDQIn1n,Jugalbandi in Chartaal - Ki - Sawari (Tabla),"Ustad Alla Rakha, Ustad Zakir Hussain",Together (Tribute to Masters from the same musical Family),sanskrit,2013.0,2010s,143.555,0.013218,2047.891,Ustad Zakir Hussain Tabla
tf-55DEy,Raga Malkuns  Alaap Vilambit - Gat Teen Taal (Instrumental),"Ustad Shahid Parvez, Ustad Zakir Hussain",Sitar & Tabla,hindi,2008.0,2000s,112.347,0.013155,1843.409,Ustad Zakir Hussain Tabla
aa3gKZnf,Dhun Bhairavi (Instrumental),"Ustad Shahid Parvez, Ustad Zakir Hussain",Sitar & Tabla,hindi,2008.0,2000s,129.199,0.027119,1946.435,Ustad Zakir Hussain Tabla
RpObURc4,Punjabi Dhamar Ustad Zakir Hussain,Ustad Zakir Hussain,Zakir Hussain - Tabla,hindi,1999.0,1990s,123.047,0.01252,1482.073,Ustad Zakir Hussain Tabla
2Ge0kxr_,Tabla Solo Gharana Punjabi Recital Ustad Zakir Hussain,Ustad Zakir Hussain,Ecstasy - Ust. Zakir Hussain Alla Rakha,hindi,1992.0,1990s,107.666,0.006917,1367.643,Ustad Zakir Hussain Tabla
Qh5mj6vX,Tabla Solo Gharana Punjabi Recital - Ustad Zakir Hussain,Ustad Zakir Hussain,Ustad Zakir Hussain - Deserts Of Rajasthan,hindi,1999.0,1990s,117.454,0.006915,1372.754,Ustad Zakir Hussain Tabla
8uv9PrcM,Pehla Nasha - Santoor,Ninad Daithankar,Bollywood Santoor Melodies,hindi,2024.0,2020s,135.999,0.057967,1618.48,Santoor Instrumental
Ow9cY_mo,Zara Zara - Santoor,Ninad Daithankar,Bollywood Santoor Melodies,hindi,2024.0,2020s,99.384,0.019307,1728.541,Santoor Instrumental
E7o8DyUS,Rahen Na Rahen - Santoor,Ninad Daithankar,Bollywood Santoor Melodies,hindi,2024.0,2020s,123.047,0.090628,1573.193,Santoor Instrumental
AqBrLxFq,Lag Ja Gale - Santoor,Ninad Daithankar,Bollywood Santoor Melodies,hindi,2024.0,2020s,123.047,0.087091,974.777,Santoor Instrumental
6ulNA3QJ,Tu Mile - Santoor Instrumental,Ninad Daithankar,Tu Mile - Santoor Instrumental,hindi,2023.0,2020s,172.266,0.07677,1551.174,Santoor Instrumental
bJhjBCwL,Do Lafzon Ki Hai - Santoor,Ninad Daithankar,Bollywood Santoor Melodies,hindi,2024.0,2020s,161.499,0.077006,2041.151,Santoor Instrumental
IltAY1hW,Bhor Bhayi Din Chadh Gaya - Santoor Instrumental,Mangesh Jagtap,Bhor Bhayi Din Chadh Gaya - Santoor Instrumental,instrumental,2019.0,2010s,172.266,0.164728,1623.309,Santoor Instrumental
v3vAyL73,Mera Kuch Saman - Santoor,Ninad Daithankar,Bollywood Santoor Melodies,hindi,2024.0,2020s,172.266,0.076004,1642.946,Santoor Instrumental
llI6yPRU,Dekha Ek Khwab - Santoor Instrumental,Ninad Daithankar,Dekha Ek Khwab - Santoor Instrumental,hindi,2023.0,2020s,112.347,0.085394,1963.374,Santoor Instrumental
6IqsNjC2,Yeh Kahan Aa Gaye Hum - Santoor,Ninad Daithankar,Bollywood Santoor Melodies,hindi,2024.0,2020s,99.384,0.052076,1629.045,Santoor Instrumental
m75JwJCV,Bhajan (Veena),"Kumari E Kalyani, Dr.Emani Sankara Sastri",Veena Classical - Instrumental,carnatic,1988.0,1980s,135.999,0.095497,2003.073,Veena Instrumental Classical
rEl1xiUG,Visweswara (Veena),"Kumari E Kalyani, Dr.Emani Sankara Sastri",Veena Classical - Instrumental,carnatic,1988.0,1980s,143.555,0.140319,1834.891,Veena Instrumental Classical
sd44Hb0m,Naama Kusumamula (Veena),"Kumari E Kalyani, Dr.Emani Sankara Sastri",Veena Classical - Instrumental,carnatic,1988.0,1980s,129.199,0.08122,1800.129,Veena Instrumental Classical
l9im_4OD,Sawan Aaye Na Aaye (Film - Dil Diya Dard Liya) - Instrumental,"Naushad Ali, Narayan Mani ( Veena ), Ashok Sharma ( Sitar )",Classical Melodies - Instrumental,hindi,2005.0,2000s,117.454,0.021724,1318.436,Veena Instrumental Classical
3tC3ahqp,Mahaganapathe Kanada Roopam Koteeswara Iyer Veena,"E.Gaayatri, Kadri Gopalnath",Classical Music Instrumental,instrumental,2000.0,2000s,172.266,0.142302,1594.183,Veena Instrumental Classical
H0m6_jwj,Samagana Lolane Hindholam Roopakam G.N.Balasubramaniam Veena,"Kadri Gopalnath, T.Bakhavatchalam, G.N.Balasubramaniam",Classical Music Instrumental 5,instrumental,2000.0,2000s,198.768,0.12191,3240.79,Veena Instrumental Classical
9xrDG5IM,"Seve Srikantham (From ""Veena-Carnatic Classical"")",Smt. E. Gayathri,Eterenal Instrumental Music,kannada,2026.0,2020s,83.354,0.03924,1032.812,Veena Instrumental Classical
-dAS0VXp,Mevalagunadoshameme,Dr. Suma Sudhindra,Karnatic Classical Veena,instrumental,2014.0,2010s,112.347,0.017438,1225.008,Veena Instrumental Classical
C7oPZ4lL,Javali,Dr. Suma Sudhindra,Karnatic Classical Veena,instrumental,2014.0,2010s,117.454,0.030636,1072.067,Veena Instrumental Classical
x5IeL9K9,Bantureethe Kolu,Dr. Suma Sudhindra,Karnatic Classical Veena,instrumental,2014.0,2010s,161.499,0.037361,1249.455,Veena Instrumental Classical
K-D5P3U7,Jhaptal In 10 Beats / Raga Jhinjoti On Sarangi (Instrumental),"Ustad Zakir Hussain, Sultan Khan",Essence Of Rhythm,unknown,2008.0,2000s,112.347,0.008955,2075.469,Sarangi Instrumental
-qZir68_,Taal Posta In 5 Beats / Raga Jhinjoti On Sarangi (Instrumental),"Ustad Zakir Hussain, Sultan Khan",Essence Of Rhythm,unknown,2008.0,2000s,135.999,0.008818,1877.086,Sarangi Instrumental
-ZgBAoxw,Taal Pancham Sawari In 15 Beats / Raga Asha Mand (Naghma) On Sarangi (Instrumental),"Ustad Zakir Hussain, Fazal Qureshi, Sultan Khan",Essence Of Rhythm,unknown,2008.0,2000s,143.555,0.008679,1683.268,Sarangi Instrumental
Jp5EQ_oC,Sarangi (Instrumental),Ajay Kumar,Sarangi (Instrumental),hindi,2026.0,2020s,76.0,0.071415,2122.955,Sarangi Instrumental
86AdL_Mz,Thade Rahiyo Sarangi Instrumental,Sabir Khan Jaipur Gharana,Thade Rahiyo Sarangi Instrumental,hindi,2023.0,2020s,80.75,0.123128,2251.044,Sarangi Instrumental
LJWOVlSH,"Mr, Mrs (Sarangi Instrumental)",Northern Lights,"Mr, Mrs",punjabi,2014.0,2010s,135.999,0.278176,2927.357,Sarangi Instrumental
-EKF2OVd,Hath Pallah (Sarangi Instrumental),Wizzy Wiz,Hath Pallah,punjabi,2014.0,2010s,95.703,0.270677,3292.202,Sarangi Instrumental
nRYmr11S,Jinke Honton Pe Sarangi Instrumental Ghazal,Sabir Khan Jaipur Gharana,Jinke Honton Pe Sarangi Instrumental Ghazal,hindi,2023.0,2020s,117.454,0.325848,2632.707,Sarangi Instrumental
n0h2MKxr,Sarangi,"H2O WAV, THE MUSIC VEDA",Sarangi,instrumental,2024.0,2020s,69.837,0.240463,443.593,Sarangi Instrumental
VSs0tV0v,Sarangi,Antariksh,Sarangi,instrumental,2024.0,2020s,83.354,0.092446,2221.53,Sarangi Instrumental
sdUTvIhu,Tabla Solo,Ustad Tari Khan,Train Sounds,urdu,2024.0,2020s,135.999,0.076482,2490.879,Tabla Solo
l_Yq4bAf,Tabla Solo,Suresh Talwalkar & Satyajit Talwalkar,Live From Saptak Festival,instrumental,2005.0,2000s,129.199,0.126387,2036.043,Tabla Solo
BaSuvw62,Tabla Solo,Suresh Talwalkar & Satyajit Talwalkar,Live From Saptak Festival,instrumental,2005.0,2000s,129.199,0.165953,1908.913,Tabla Solo
k4QZ5HzJ,Tabla Solo,Pandit Kishan Maharaj,Tribute To Pandit Kishan Maharaj,instrumental,2005.0,2000s,103.359,0.040592,1603.29,Tabla Solo
KVGDNamx,Tabla Solo,Suresh Talwalkar & Satyajit Talwalkar,Live From Saptak Festival,instrumental,2005.0,2000s,129.199,0.158209,1881.01,Tabla Solo
VSABtKnY,Tabla Solo,Tanmoy Bose,Tal Tantraa Live,instrumental,2022.0,2020s,129.199,0.018729,1408.029,Tabla Solo
79-nwu37,Tabla Solo,Pandit Kishan Maharaj,Tribute To Pandit Kishan Maharaj,instrumental,2005.0,2000s,135.999,0.066049,1910.212,Tabla Solo
TwxUBnha,Tabla Solo,Pandit Kishan Maharaj,Tribute To Pandit Kishan Maharaj,instrumental,2005.0,2000s,143.555,0.139732,1703.748,Tabla Solo
T7JZ3fzD,Indian Classical  Instrumental Music,Robin Rk,Indian Classical  Instrumental Music,instrumental,2021.0,2020s,161.499,0.073002,1233.855,Indian Classical Instrumental
9lFwDGlz,Peaceful Indian Classical Instrumental,Abhishek Prajapat,Peaceful Indian Classical Instrumental,instrumental,2025.0,2020s,123.047,0.097435,2009.912,Indian Classical Instrumental
QJv5eymr,Meditative Sitar Music in Raag Tilak Kamod - Relaxing Indian Classical Instrumental,Sai Shruthi,Meditative Sitar Music in Raag Tilak Kamod - Relaxing Indian Classical Instrumental,sanskrit,2025.0,2020s,107.666,0.021617,1727.318,Indian Classical Instrumental
yfSydiPp,Sitar-Raga- Desh-Bilampit And Drut,Ustad Imrat Hussain Khan,Indian Classical Instrumental Sitar,hindi,1970.0,1970s,117.454,0.06253,1772.173,Indian Classical Instrumental
ktcQd77p,Indian Classical Music,Abhishek Prajapat,Indian Classical Music,instrumental,2025.0,2020s,161.499,0.067627,1864.839,Indian Classical Instrumental
uRoazN0o,Indian Instrumental Classical Music,"Nitish Rambhadran, Vedam",Indian Instrumental Classical Music,instrumental,2026.0,2020s,99.384,0.06806,746.439,Indian Classical Instrumental
0G5BO7Bk,"Bhangra (From ""Dhol"")",Jaggu,Indian Classical Instrumental - Bhangra Dhol Special,hindi,2020.0,2020s,135.999,0.145249,2066.891,Indian Classical Instrumental
w7Zim2Rp,Raag Charukesi Indian Classical Flute Instrumental,Ajay Prasanna,Raag Charukesi Indian Classical Flute Instrumental by Ajay Prasanna,instrumental,2024.0,2020s,161.499,0.054605,1582.947,Indian Classical Instrumental
lDdV3WWE,Classical Indian Folk,Free Zen Spirit,Classical Indian Folk Tabla Drum Music,instrumental,2021.0,2020s,80.75,0.06362,1204.028,Indian Classical Instrumental
wBCzA1zS,Indian Classical Volume.01,Kajal Shrivas,Indian Classical Volume.01,instrumental,2022.0,2020s,135.999,0.109459,1350.621,Indian Classical Instrumental
Zgs12vUB,Raag Yaman,Pt. Rajendra Prasanna,Raag Yaman,hindi,2024.0,2020s,161.499,0.023833,1451.686,Raag Yaman
gBetu3je,Indian Classical Serenity,shubbhabrata Ghosh,Indian Classical Serenity,instrumental,2026.0,2020s,151.999,0.10304,706.106,Indian Classical Instrumental
ygDm9qGU,Raag Yaman,Tiasha Karar,Raag Yaman,hindi,2025.0,2020s,135.999,0.066284,1660.031,Raag Yaman
EkLMTWGB,Raag Yaman,Thunderhawk Tribe,Raag Yaman,sanskrit,2018.0,2010s,123.047,0.095414,1882.49,Raag Yaman
7vvUbidc,"Raag Yaman (Aalap, Jod & Jhala) (Album Version)",Ustad Shahid Parvez,An Enchanting Evening With Ustad Shahid Parvez,unknown,2009.0,2000s,107.666,0.012596,1871.138,Raag Yaman
Xw_k33v9,Raag Yaman (Gats In Rupak Taal & Teen Taal) (Album Version),Ustad Shahid Parvez,An Enchanting Evening With Ustad Shahid Parvez,unknown,2009.0,2000s,103.359,0.01998,1781.466,Raag Yaman
sUAujUfi,BAPS Swaminarayan Dhun Non Stop 2021 (Raag Yaman) (feat. Jaymin Vaidhya),Parth Thakar,BAPS Swaminarayan Dhun Non Stop 2021 (Raag Yaman) (feat. Jaymin Vaidhya),hindi,2021.0,2020s,123.047,0.07814,794.992,Raag Yaman
jcwMvrTt,Raag Yaman,Ghulam Hasan Khan,Raag Yaman,hindi,2023.0,2020s,161.499,0.1053,1238.457,Raag Yaman
zvdrQ8Fu,Raag Yaman,Madhuvanti Bhide,Arpan,hindi,2012.0,2010s,117.454,0.096474,1762.186,Raag Yaman
O84Ap33k,Raag Yaman,Pandit Rakesh Chaurasia,Devotion,instrumental,2005.0,2000s,95.703,0.057474,1190.62,Raag Yaman
Iv0wRsi3,Raag Yaman,Dipak Ghosh,Indian Classical Sitar,sanskrit,2023.0,2020s,117.454,0.049634,1988.675,Raag Yaman
WW4OET4U,Raag Bhairavi: Sumiran Kar Le (Live),Pandit Jasraj,Raag Bhairavi: Sumiran Kar Le (Live),hindi,2018.0,2010s,123.047,0.036067,1862.053,Raag Bhairavi
LRVX9kyH,Bhajan - Raag Bhairavi,Sunanda Sharma,Sur Tarangini Pt. 1,hindi,2023.0,2020s,123.047,0.092402,1553.988,Raag Bhairavi
35faWc6a,Raag Bhairavi,Pt Hari Nath Jha,Raag Bhairavi,hindi,2021.0,2020s,92.285,0.130658,1306.211,Raag Bhairavi
BATGD0MW,Raag Bhairavi,Debashish Bhattacharya,A Tribute To My Guru,instrumental,2007.0,2000s,89.103,0.024101,2182.816,Raag Bhairavi
0UZCoseR,Raag Bhairavi,B Sivaramakrishna Rao,Healing Ragas for Sleep,instrumental,2025.0,2020s,172.266,0.136329,2000.706,Raag Bhairavi
9gzOlE1O,Raag Bhairavi,HIRAN KHANDAKAR,Moner Asha,odia,2024.0,2020s,215.332,0.358909,1564.042,Raag Bhairavi
neMLVYj8,Raag Bhairavi,Keerti Kumar Badseshi,Keerthi Kumara Badseshi,instrumental,2014.0,2010s,151.999,0.043806,1805.647,Raag Bhairavi
f8me9xqg,Raag Bhairavi,Irrfan JwalaSingh,Himachali Folk,hindi,2022.0,2020s,99.384,0.200167,2576.829,Raag Bhairavi
j2hVKWBx,Raag Bhairavi,Pandit Kaivalya Kumar Gurav,Arunodaya,hindi,2011.0,2010s,129.199,0.221778,1523.621,Raag Bhairavi
3N7EUCHG,Raag Bhairavi,Vikram Singh Khangura,"Classical Vocal, Vol. 1 (Vikram Singh Khangura)",hindi,2023.0,2020s,117.454,0.058368,1355.159,Raag Bhairavi
OzL0iH2n,Raga Malkauns,"Amla Ruia, Jaidev, Malini",Ashtavakra Geeta,hindi,2011.0,2010s,135.999,0.06551,2048.444,Raag Malkauns
dZ-m7h8R,Raga Malkauns,Ustad Bismillah Khan,The Magnificence Of Shehnai - Ustad Bismillah Khan,hindi,1993.0,1990s,135.999,0.065612,2027.21,Raag Malkauns
vpt4LDDn,Raga Malkauns,Dr. N. Rajam,N.Rajam - Violin,hindi,2004.0,2000s,161.499,0.019831,1999.715,Raag Malkauns
sd5k69X2,Raga Malkauns,Pandit Kumar Ganharva,Thaat Bhairavi,hindi,2008.0,2000s,129.199,0.085455,1208.48,Raag Malkauns
HqfR1mq8,Raga Malkauns,Dhruvi Patel,Personal Project,hindi,2025.0,2020s,99.384,0.065213,2192.871,Raag Malkauns
EMSMQ0uQ,Raga Malkauns,Pandit Hariprasad Chaurasia,Power & Grace - 1,instrumental,2005.0,2000s,143.555,0.012078,2156.077,Raag Malkauns
QqUtcv0I,Raga Malkauns,Madhyalaya Ektala,Kumar Gandharva,hindi,2006.0,2000s,198.768,0.085788,1232.155,Raag Malkauns
sHwfXLt-,Raga Malkauns,Dagar Brothers,From The NCPA Archives,hindi,2012.0,2010s,107.666,0.01519,1411.292,Raag Malkauns
K4QNe8C0,Raga Malkauns,Ustad Bale Khan,The Singing Sitar,instrumental,2003.0,2000s,129.199,0.027305,1855.03,Raag Malkauns
OPyMyfZw,Raga Malkauns,"Nirmalya Dey, Ajoy Chakraborty",Tansen,hindi,2005.0,2000s,123.047,0.037061,1451.421,Raag Malkauns
Dk2lDTDC,Raag Bhairav,"Yograj, Kishore Pandey",Tatkar - The Mystic Sound Of Strings,konkani,2015.0,2010s,135.999,0.043514,1681.162,Raag Bhairav
Wd73aL9T,Raag Bhairav,Bismillah Khan,Morning Raga,instrumental,2026.0,2020s,135.999,0.037286,2387.636,Raag Bhairav
SVQkZxtl,Raag Bhairav,Ajay Kumar,Classic Flute,hindi,2025.0,2020s,143.555,0.197623,1492.257,Raag Bhairav
OjNVFVf-,Raag Bhairav,Samyak Bandyopadhyay,Raag Bhairav,hindi,2026.0,2020s,129.199,0.146572,1185.893,Raag Bhairav
CbVNUi4V,Raag Bhairav,Bismillah Khan,Shadi Ki Shehnai Vol 1,instrumental,2026.0,2020s,129.199,0.06262,2365.628,Raag Bhairav
Dnt-Xjl3,Raag Bhairav,Ajay Kumar,Meditation Flute,hindi,2025.0,2020s,143.555,0.197623,1492.257,Raag Bhairav
6-OXfK0V,Raag Bhairav,Suraj Prakash Chakrawal,Raag Bhairav,hindi,2023.0,2020s,129.199,0.061934,1430.04,Raag Bhairav
HqwFkmtO,Raag Bhairav,R V Hegde,Dhyana Bindhu,instrumental,2014.0,2010s,129.199,0.042077,1680.09,Raag Bhairav
TvbDNNiK,Raag Bhairav,Vidisha Mukherjee,Colors of Bhairav,hindi,2017.0,2010s,103.359,0.157496,1473.634,Raag Bhairav
U6hopwB2,Thaye Yashoda,"Mani Sharma, Amit Heri",Morning Raga - A Meeting Of Worlds,hindustani,2005.0,2000s,151.999,0.076169,2415.146,Morning Raag
O1X4-aMa,Morning Raga,Peacelover Music,Dil Se Guitar ( Bollywood Type Instrumental Beats ),hindi,2025.0,2020s,95.703,0.084244,2631.217,Morning Raag
PSrk9xcP,Morning Raga,Dhun Dhhunak,Mystic Sitar for Mind Wellness,instrumental,2026.0,2020s,117.454,0.072873,1376.059,Morning Raag
UsBl0jFU,Morning Raga,Decimus,"Morning and Evening Ragas, Vol. 1",instrumental,2019.0,2010s,95.703,0.011196,1057.66,Morning Raag
56kSz8MZ,Morning Raga (Raga Bhairav),Meeta Pandit,Morning Raga (Raga Bhairav),hindi,2024.0,2020s,112.347,0.052228,2233.229,Morning Raag
HWdi4liF,Mathey,"Mani Sharma, Amit Heri",Morning Raga - A Meeting Of Worlds,hindustani,2005.0,2000s,135.999,0.103286,2525.042,Morning Raag
HkeLNxdk,Morning Raga Bhairav,"Nirali Kartik, Amit Mishra",Navyaa,hindi,2021.0,2020s,123.047,0.10415,1946.26,Morning Raag
hIw3dUjd,Om Raga Todi (Morning Raga),Jagjit Singh,Om - Jagjit Singh - The Divine Mantra,hindi,2007.0,2000s,129.199,0.067647,1173.458,Morning Raag
lI2hrzCb,Om Ragaa Todi - Morning Raga,Jagjit Singh,Om - Jagjit Singh,hindustani,2000.0,2000s,129.199,0.067884,715.909,Morning Raag
2PSnFPbe,Morning Raga Instrumental,Abhishek Prajapat,Morning Raga Instrumental,instrumental,2025.0,2020s,129.199,0.114516,1005.211,Morning Raag
lZog4HzZ,Evening Raga,Decimus,"Morning and Evening Ragas, Vol. 1",instrumental,2019.0,2010s,143.555,0.019014,1158.736,Evening Raag
9DorDJNs,Evening Raga,"Abaji, Michel Guay",India,unknown,2020.0,2020s,172.266,0.043324,2331.487,Evening Raag
86yl5-qM,Om Raga Puriya Dhanashree (Evening Raga),Jagjit Singh,Om - Jagjit Singh - The Divine Mantra,hindi,2007.0,2000s,129.199,0.067647,1173.458,Evening Raag
SugALS3f,Meditative Evening Raga,Abhishek Prajapat,Meditative Evening Raga,instrumental,2025.0,2020s,117.454,0.092815,1108.956,Evening Raag
UBkk3G9Q,Om Raga Puriya Dhanashree - Evening Raga,Jagjit Singh,Om - Jagjit Singh,hindustani,2000.0,2000s,129.199,0.064927,1385.05,Evening Raag
uZNKaU8v,Bhupali,Bismillah Khan,Evening Raga,instrumental,2026.0,2020s,151.999,0.029432,1517.788,Evening Raag
k8w-dCDO,Raag Puriya,Bismillah Khan,Evening Raga,instrumental,2026.0,2020s,112.347,0.030058,1581.174,Evening Raag
OrhTozGO,Kajri,Bismillah Khan,Evening Raga,instrumental,2026.0,2020s,135.999,0.040061,1904.908,Evening Raag
ee7Iocmb,Yaman,Bismillah Khan,Evening Raga,instrumental,2026.0,2020s,123.047,0.026085,2091.62,Evening Raag
cQsZMk8d,Raga Shankara,"Pandit Jasraj, Appa Jalgaonkar, Kedar Pandit",Evening Ragas - Volume 4,hindi,2005.0,2000s,129.199,0.022102,1297.439,Evening Raag
IBD9KsR6,Raag Darbari Kanhara - Vocal,Pt. Rajan Sajan Mishra,Ragas-Morning To Midnight,hindi,1991.0,1990s,135.999,0.024294,1210.351,Raag Darbari
xGKlYFdc,Raag Darbari,"Sudhesh Khare, shaurya amit, Ritika Sharma, Saurav Ganguly",Raag Darbari,hindi,2025.0,2020s,117.454,0.161362,1797.474,Raag Darbari
74D4ZujL,Raag Darbari,Ustad Aslam Khan,Raag Darbari Todi Sohni,hindi,2017.0,2010s,112.347,0.030306,1013.299,Raag Darbari
B8wSjRjz,Meditation In The Night - English - Raag - Darbari,"Sadhana Sargam, Ravindra Sathe, Dharmanshu Raval",Om Hari Om - Music For Meditation - English,hindustani,2003.0,2000s,129.199,0.039918,1370.04,Raag Darbari
wABh0IIF,Raag Darbari,Pandit Ronu Majumdar,Raag Darbari,instrumental,2019.0,2010s,123.047,0.116528,1015.753,Raag Darbari
mA2Gdr4c,Raag Darbari,Kuheli Banerjee,Kichhu Sotti Kichhu Bhabna,bengali,2024.0,2020s,92.285,0.096079,1667.163,Raag Darbari
DgYnfzDT,Raag Darbari,"Koushik Bhattacharjee, Samar Saha",Raag Darbari,hindi,2021.0,2020s,117.454,0.19084,1302.723,Raag Darbari
9aYdiDfn,Raag Darbari,Purshottam Das Jalota,Classical Gems By Purshottam Das Jalota,hindi,2015.0,2010s,31.132,0.200163,765.945,Raag Darbari
ERCVc2tI,Raag Darbari,Medha Bandopadhyay,Bodhan,bengali,2016.0,2010s,161.499,0.106743,1911.291,Raag Darbari
88evpYTN,Raag Darbari,"Music Ashram, The Blue Lions",WAHEGURU,sanskrit,2024.0,2020s,143.555,0.123775,1208.038,Raag Darbari
KjfHRLhE,Sri Venkateshwara Suprabhatham,M. S. Subbulakshmi,Sri Venkateshwara Suprabhatham Ms Subbulakshmi,telugu,2005.0,2000s,103.359,0.128091,1849.775,M.S. Subbulakshmi
vL0fWI1r,Vishnu Sahasranamam,M.S. Subbulakshmi,M. S. Subbulakshmi Sings For Tirupati Lord Balaji Vol. 2,sanskrit,2010.0,2010s,135.999,0.113508,1939.455,M.S. Subbulakshmi
Uhl5iQvB,Vishnu Sahasranamam (Version 1),M.S.Subbulakshmi,Vishnu Sahasranamam,tamil,2019.0,2010s,129.199,0.165149,2198.072,M.S. Subbulakshmi
pqeQW6nh,Bhaja Govindam,M.S. Subbulakshmi,Bhaja Govindam and Vishnu Sahasranamam,sanskrit,2007.0,2000s,99.384,0.074795,1551.821,M.S. Subbulakshmi
8QZoXK6n,Bhaja Govindam,"M. S. Subbulakshmi, Radha Vishwanathan",M S Subbulakshmi,sanskrit,2005.0,2000s,103.359,0.072843,1592.413,M.S. Subbulakshmi
q_wtzTgq,Bhaja Govindam,"M.S. Subbulakshmi, Adi Shankaracharya",Bhaja Govindam - Vishnu Sahastranam,sanskrit,1989.0,1980s,99.384,0.074741,1560.314,M.S. Subbulakshmi
I9epT8El,Hanuman Chalisa,"M. S. Subbulakshmi, Radha Vishwanathan",Samarpanam - M.S.Subbulakshmi,carnatic,2005.0,2000s,161.499,0.066428,1771.8,M.S. Subbulakshmi
mwvKtkIO,Vasudeva Mssubbulakshmi,"M.S. Subbulakshmi, Radha Vishwanathan",M S Subbulakshmi Harey Rama Harey Krishna,sanskrit,2006.0,2000s,161.499,0.148012,2175.284,M.S. Subbulakshmi
-bQMY0v_,Kanakadharastavam,"M.S. Subbulakshmi, Radha Vishwanathan",Bhaja Govindam and Vishnu Sahasranamam,sanskrit,2007.0,2000s,123.047,0.116819,1606.814,M.S. Subbulakshmi
wCogwQKS,Kanakadharastavam M.S.Subbulakshmi,"Adi Sankara Bhagavatpada, M. S. Subbulakshmi, Radha Viswanathan",Sri Venkateswara Balaji Pancharatnamala - Vol - 4,sanskrit,2003.0,2000s,123.047,0.125995,1773.785,M.S. Subbulakshmi
G0BO_Uwu,Navasidhi Petralum(Kharaharapriya) Semmangudi Srinivasa Iyer,Semmangudi Srinivasa Iyer,Millennium Carnatic Classical - Vo1,carnatic,2000.0,2000s,95.703,0.168271,800.911,Semmangudi Srinivasa Iyer
mBZ0I0zu,Theliyaleru Rama,Semmangudi Srinivasa Iyer,Dr. Semmangudi Srinivasa Iyer,sanskrit,2024.0,2020s,143.555,0.06281,1566.954,Semmangudi Srinivasa Iyer
7QUFaAl7,Appan Avadharitha,Semmangudi Srinivasa Iyer,Dr. Semmangudi Srinivasa Iyer,sanskrit,2024.0,2020s,135.999,0.053453,1788.268,Semmangudi Srinivasa Iyer
SH97Epf5,Sadhinchane,Semmangudi Srinivasa Iyer,Dr. Semmangudi Srinivasa Iyer,sanskrit,2024.0,2020s,135.999,0.057785,1480.633,Semmangudi Srinivasa Iyer
ll53tEU6,Narasimha,Semmangudi Srinivasa Iyer,Dr. Semmangudi Srinivasa Iyer,sanskrit,2024.0,2020s,112.347,0.071,1491.719,Semmangudi Srinivasa Iyer
6y4pILqn,Samaja Vara Gamana,"Maharajapuram Vishwanathan Iyer, Tyagaraja",Sampradhaaya Sangitham - M.V. Iyer And Semmangudi Srinivasa Iyer,carnatic,2008.0,2000s,184.57,0.161457,883.545,Semmangudi Srinivasa Iyer
VVMpKLk4,Ra Ra Seetha,"Maharajapuram Vishwanathan Iyer, Tyagaraja",Sampradhaaya Sangitham - M.V. Iyer And Semmangudi Srinivasa Iyer,carnatic,2008.0,2000s,103.359,0.187601,778.351,Semmangudi Srinivasa Iyer
N_HFBwhP,Saravana Bhava,"Semmangudi Srinivasa Iyer, Papanasam Sivan",Sampradhaaya Sangitham - M.V. Iyer And Semmangudi Srinivasa Iyer,carnatic,2008.0,2000s,161.499,0.084575,1666.805,Semmangudi Srinivasa Iyer
Rh0aS4ue,Om Saravanabhava,Semmangudi Srinivasa Iyer,Semmangudi Srinivasa Iyer,carnatic,2008.0,2000s,107.666,0.058331,1677.597,Semmangudi Srinivasa Iyer
a5ndOBUa,Deva Deva Dr.Semmangudi R.Srinivasa Iyer,"Swathi Thirunal, Semmangudi Srinivasa Iyer",Dr. Semmangudi R. Srinivasa Iyer - Vocal,hindi,1995.0,1990s,161.499,0.049521,1670.624,Semmangudi Srinivasa Iyer
irOq7fi8,Sarasa Samadhana - Lalgudi G Jayaraman - Kapi Narayani,Lalgudi Jayaraman,Lalgudi Jayaraman Violin,sanskrit,1995.0,1990s,123.047,0.032794,1267.81,Lalgudi Jayaraman Violin
L9Bb8r84,Anandamruthakarshini - Lalgudi Gjayaraman,"Lalgudi G. J. R. Krishnan, Lalgudi Jayaraman",Lalgudi Jayaraman Violin,sanskrit,1995.0,1990s,172.266,0.027257,1632.847,Lalgudi Jayaraman Violin
5AgLQm_H,Sri Narada - Kanada,Lalgudi Jayaraman,Lalgudi Jayaraman Violin,sanskrit,1995.0,1990s,89.103,0.038615,1486.251,Lalgudi Jayaraman Violin
Xy2Klhfq,Akhilandeswari Live Lalgudi Jayaraman,Lalgudi Jayaraman,Lalgudi Jayaraman - Violin Live At Shanmukhananda,tamil,2005.0,2000s,89.103,0.085265,1982.07,Lalgudi Jayaraman Violin
9Vfkg44W,Theeradha Vilayattu - Lalgudi G Jayraman - Ragamalika,Lalgudi Jayaraman,Lalgudi Jayaraman Violin,sanskrit,1995.0,1990s,112.347,0.038236,1862.568,Lalgudi Jayaraman Violin
m-491GBy,Sri Sankara Guruvaram Live Lalgudi Jayaraman,Lalgudi G. Jayaraman,Lalgudi Jayaraman - Violin Live At Shanmukhananda,tamil,2005.0,2000s,129.199,0.056906,1815.645,Lalgudi Jayaraman Violin
2WTTWJgu,Nadaloludai,"Lalgudi Jayaraman, G. Srimathi",Lalgudi Jayaraman Violin,tamil,1995.0,1990s,112.347,0.056645,1558.674,Lalgudi Jayaraman Violin
VlurjFuq,Eppo Varuvaro Live Lalgudi Jayaraman,Lalgudi Jayaraman,Lalgudi Jayaraman - Violin Live At Shanmukhananda,tamil,2005.0,2000s,92.285,0.105505,2144.408,Lalgudi Jayaraman Violin
frt_DDak,Shankaracharyam Live Lalgudi Jayaraman,Lalgudi Jayaraman,Lalgudi Jayaraman - Violin Live At Shanmukhananda,tamil,2005.0,2000s,103.359,0.05441,2049.579,Lalgudi Jayaraman Violin
ESQgrswu,Sogasujooda - Lalgudi G Jayaraman - Kannadagowla,Lalgudi Jayaraman,Lalgudi Jayaraman Violin,sanskrit,1995.0,1990s,172.266,0.074773,1766.535,Lalgudi Jayaraman Violin
BubiCik3,Varnam - Charukesi - Lalgudi G Jayaraman,Lalgudi Jayaraman,Lalgudi Jayaraman Violin,sanskrit,1995.0,1990s,78.303,0.068715,1768.13,Lalgudi Jayaraman Violin
UgoedyO7,Sankari Sankaru: Saveri - Aadi (Tisra Gati) - Syama Sastri,R. Vedavalli,Carnatic Classical - Vocal,sanskrit,2013.0,2010s,151.999,0.05109,2394.023,Carnatic Vocal Classical
H0BdsrPE,Idu Bhagya,Nithyasree Mahadevan,Carnatic Classical Vocal,tamil,1996.0,1990s,92.285,0.030874,2156.794,Carnatic Vocal Classical
N0wNSiPH,Etiyochanalu,Sudha Ragunathan,Carnatic Classical Vocal - Sudha Ragunathan,carnatic,1991.0,1990s,198.768,0.092283,2214.323,Carnatic Vocal Classical
WJ_H6AH3,Shri Krishnam,T.M.Krishna,Carnatic Classical Vocal - T.M.Krishna,carnatic,1998.0,1990s,123.047,0.035086,1762.719,Carnatic Vocal Classical
EQXjfDWV,Pahirama Prabho,Dr. M. Balamuralikrishna,Carnatic Classical Vocal- Mbalamurali Krishna,carnatic,1977.0,1970s,135.999,0.10398,1796.835,Carnatic Vocal Classical
c1Q1Az5e,Maathangisri,Sudha Ragunathan,Carnatic Classical Vocal - Sudha Ragunathan,carnatic,1991.0,1990s,161.499,0.134563,2018.299,Carnatic Vocal Classical
TwixGeAc,Dasara Nindisa Beda: Tilang - Aadi - Purandara Dasa,R. Vedavalli,Carnatic Classical - Vocal,sanskrit,2013.0,2010s,161.499,0.108313,2655.812,Carnatic Vocal Classical
0IgbbCuV,Ganarajena: Arabi - Chapu - Muthuswami Dikshitar,R. Vedavalli,Carnatic Classical - Vocal,sanskrit,2013.0,2010s,143.555,0.079677,2215.734,Carnatic Vocal Classical
enxfy-yI,Thanayuni Brova: Bhairavi - Aadi - Thyagaraja,R. Vedavalli,Carnatic Classical - Vocal,sanskrit,2013.0,2010s,172.266,0.044368,2375.349,Carnatic Vocal Classical
uiLpgwyK,Paramatmane,T. Lakshmi Murthy,Carnatic Classical Vocal,hindi,2003.0,2000s,112.347,0.083635,1787.687,Carnatic Vocal Classical
oYtE3cmW,Vandanamu (Live) Carnatic Violin T N Krishnan,T N Krishnan,T N Krishnan - Carnatic Violin Part1,instrumental,2000.0,2000s,99.384,0.028126,2328.925,Carnatic Instrumental Violin
RtAsThZ9,Manasuloni,T. Lakshmi Murthy,Carnatic Classical Vocal,hindi,2003.0,2000s,184.57,0.082894,1680.892,Carnatic Vocal Classical
wrp5l7Ym,Deva Deva (Live) Carnatic Violin T N Krishnan,T N Krishnan,T N Krishnan - Carnatic Violin Part1,instrumental,2000.0,2000s,151.999,0.067857,2113.427,Carnatic Instrumental Violin
aG0npnK8,Aazhi Mazhai (Live) Carnatic Violin T N Krishnan,T N Krishnan,T N Krishnan - Carnatic Violin Part1,instrumental,2000.0,2000s,172.266,0.042464,2690.13,Carnatic Instrumental Violin
JxcKJTl3,Tillana (Violin),Mysore T. Chowdiah,Violin - Carnatic Instrumental,carnatic,1990.0,1990s,112.347,0.011461,1019.221,Carnatic Instrumental Violin
qGyj3UWM,Yera Naapai - Varnam (Violin),Mysore T. Chowdiah,Violin - Carnatic Instrumental,carnatic,1990.0,1990s,99.384,0.047762,971.184,Carnatic Instrumental Violin
xRLGBJzJ,Ada Modi Galatha Ramiah (Violin),Mysore T. Chowdiah,Violin - Carnatic Instrumental,carnatic,1990.0,1990s,184.57,0.019847,1165.619,Carnatic Instrumental Violin
a694pS2L,Pantureethi (Violin),"T.N.Krishnan, Kumari Vijikrishnan",Classical Instrumental - Violin,carnatic,1988.0,1980s,117.454,0.112229,1392.76,Carnatic Instrumental Violin
CZcv-d7u,Hiranmayim Lakshmim (Instrumental),Peri Thyagaraju - Violin,"Carnatic Instrumentals - Best of the Classics, Vol. 3",instrumental,2023.0,2020s,117.454,0.103001,1311.952,Carnatic Instrumental Violin
9EPjP5Rx,Vathapi (Mandolin),U. Srinivas,Carnatic Classical On Various Instruments,sanskrit,2013.0,2010s,123.047,0.026878,1957.736,Mandolin Srinivas
o7p2Gfuz,Annapoorne,"U. Srinivas, U. Rajesh",Mandolin Duets,sanskrit,1993.0,1990s,172.266,0.052714,1529.919,Mandolin Srinivas
JdJ3DZo-,Srujana,"U. Srinivas, U. Rajesh",Mandolin Duets,sanskrit,1993.0,1990s,135.999,0.060325,1616.279,Mandolin Srinivas
zL-ByfJq,Sri Gananathan Mandolin,"U. Srinivas, U. Rajesh",U Srinivas And U Rajesh Mandolin Duet,tamil,1998.0,1990s,151.999,0.021499,1027.148,Mandolin Srinivas
B1w5NU16,Maha Ganapathim (Mandolin U.Srinivas),Mandolin U.Srinivas,Mandolin U. Srinivas (Vol - 1),carnatic,2006.0,2000s,135.999,0.04921,2545.03,Mandolin Srinivas
XaJ7SCz8,Samajavaragamana: Hindolam (Aadi - Thyagaraja),U. Srinivas,Mandolin,sanskrit,2013.0,2010s,129.199,0.026535,1297.674,Mandolin Srinivas
gfA1vpQH,Sri Vatapi,Mandolin U. Srinivas,Mandolin U. Srinivas - The Strings Sing,tamil,2017.0,2010s,103.359,0.071339,1521.298,Mandolin Srinivas
1NWl-h-V,Vathapi: Hamsadhwani (Aadi - Dikshitar),U. Srinivas,Mandolin,sanskrit,2013.0,2010s,129.199,0.039541,1238.1,Mandolin Srinivas
Y-6JRb67,Raghuvamsa Sudha: Kadanakuthuhalam (Aadi - Patnam Subrahmania Iyer),U. Srinivas,Mandolin,sanskrit,2013.0,2010s,143.555,0.041041,1487.106,Mandolin Srinivas
hnVBqwvB,Yochana: Darbur (Aadi - Thyagaraja),U. Srinivas,Mandolin,sanskrit,2013.0,2010s,135.999,0.075011,1378.727,Mandolin Srinivas
0U7225sa,Mohabbat (Indian Classical Fusion Version),"niXam enXari, Megha Tripathy",Mohabbat (Alternative Versions),hindi,2026.0,2020s,135.999,0.219383,3355.855,Indian Classical Fusion
7babsekA,No Lyrics No Noise Just Energy Indian Classical Fusion Instruments,Seginus Music,No Lyrics No Noise Just Energy Indian Classical Fusion Instruments,instrumental,2026.0,2020s,117.454,0.103384,1673.303,Indian Classical Fusion
TOucImUD,Longing,Sandeep Khurana,Indian Classical Fusion Ensemble,instrumental,2026.0,2020s,89.103,0.119942,1829.128,Indian Classical Fusion
-lKU-11F,Love,Sandeep Khurana,Indian Classical Fusion Ensemble,instrumental,2026.0,2020s,161.499,0.164075,966.124,Indian Classical Fusion
Ko8EzFeb,Feelings,Sandeep Khurana,Indian Classical Fusion Ensemble,hindi,2026.0,2020s,103.359,0.16471,1561.459,Indian Classical Fusion
dmYOXA8K,Lost In You,Sandeep Khurana,Indian Classical Fusion Ensemble,instrumental,2026.0,2020s,92.285,0.095048,1333.698,Indian Classical Fusion
9Rn7WtbG,Reunion,Sandeep Khurana,Indian Classical Fusion Ensemble,instrumental,2026.0,2020s,135.999,0.171939,984.582,Indian Classical Fusion
Y96mGbYi,Joy With You,Sandeep Khurana,Indian Classical Fusion Ensemble,instrumental,2026.0,2020s,95.703,0.179667,1508.147,Indian Classical Fusion
y9rgPfKH,Soulful,Sandeep Khurana,Indian Classical Fusion Ensemble,instrumental,2026.0,2020s,143.555,0.136814,1404.013,Indian Classical Fusion
LApYbDdB,Playful,Sandeep Khurana,Indian Classical Fusion Ensemble,instrumental,2026.0,2020s,123.047,0.124977,1448.574,Indian Classical Fusion
MOSwLCiQ,I Miss You,Sandeep Khurana,Indian Classical Fusion Ensemble,instrumental,2026.0,2020s,117.454,0.107115,1476.796,Indian Classical Fusion
lVvpHyCp,Inner Peace Sitar Meditation,Zen Aura,Sitar for Mental Health Vol. 1,hindi,2026.0,2020s,172.266,0.098589,958.939,Sitar Meditation
hBlUC0Wc,Sitar Meditation,Avijit Das,Sitar Meditation,instrumental,2023.0,2020s,215.332,0.072657,1541.179,Sitar Meditation
vQG_Nq5e,Sitar & Bansuri,Bansuri Flute Meditation Music Masters,"Sitar & Bansuri - Indian Traditional Folk Music, Tantric Instrumental Songs to Relax",hindi,2018.0,2010s,123.047,0.045096,1788.239,Sitar Meditation
CpwVkWjb,Sitar Meditation,The Color of a Dream,"India Connect, Set 7",unknown,2021.0,2020s,129.199,0.18621,1764.405,Sitar Meditation
dFW-pcDD,Indian Sitar Meditation,Ashish Kalyan,Indian Sitar Meditation,instrumental,2023.0,2020s,161.499,0.088643,1522.494,Sitar Meditation
1dd6_fFw,Ambience Sitar Meditation,Ashish Kalyan,Ambience Sitar Meditation,instrumental,2023.0,2020s,103.359,0.071476,878.041,Sitar Meditation
E7DvACvV,Indian Sitar Meditation,Ashish Kalyan,Indian Meditation Music Collection,instrumental,2023.0,2020s,161.499,0.088616,1522.194,Sitar Meditation
T2AkWkD5,Ambience Sitar Meditation,Ashish Kalyan,Indian Meditation Music Collection,instrumental,2023.0,2020s,161.499,0.071373,878.718,Sitar Meditation
DB5kwXva,Divine Shiva Sitar Meditation,RagaFlow,Shiva Sitar Instrumentals,instrumental,2026.0,2020s,117.454,0.10089,785.447,Sitar Meditation
XBId674A,Sitar Meditation for Calm Minds,Akassh Veer,Sitar Music Relaxation,english,2024.0,2020s,161.499,0.015111,2355.363,Sitar Meditation
jKPpuupT,Indian Traditional Folk Music,Bansuri Flute Meditation Music Masters,"Sitar & Bansuri - Indian Traditional Folk Music, Tantric Instrumental Songs to Relax",hindi,2018.0,2010s,129.199,0.048082,1602.245,Flute Meditation Indian
-ZGVDeRd,The Blue Moon (Indian Flute Instrumental For Meditation Music),Pt. Ajay Shankar Prasanna,The Blue Moon (Indian Flute Instrumental For Meditation Music),hindi,2020.0,2020s,112.347,0.079379,989.389,Flute Meditation Indian
I7TSwtpI,Indian Chill,Bansuri Flute Meditation Music Masters,"Sitar & Bansuri - Indian Traditional Folk Music, Tantric Instrumental Songs to Relax",hindi,2018.0,2010s,89.103,0.018796,1853.814,Flute Meditation Indian
2NVQlyVG,Indian Flute Meditation,Yoga Music with Flute,"Yoga Music with Flute – Indian Flute Meditation, Background for Yoga",instrumental,2020.0,2020s,151.999,0.048737,1219.679,Flute Meditation Indian
s2tFTbsp,Indian Dream,Bansuri Flute Meditation Music Masters,"Sitar & Bansuri - Indian Traditional Folk Music, Tantric Instrumental Songs to Relax",hindi,2018.0,2010s,129.199,0.069668,1676.773,Flute Meditation Indian
HOOtWA0H,Enchanting Indian Flute Meditation,Vic Vision,Indian Flute Meditation,instrumental,2025.0,2020s,86.133,0.119821,505.801,Flute Meditation Indian
4nTldkwb,Spritual Indian Flute Meditation,Vic Vision,Indian Flute Meditation,instrumental,2025.0,2020s,107.666,0.119885,454.69,Flute Meditation Indian
IhtPQ6oA,Indian Meditation,Dholak Marisi,Dholak Beats - Amazing Instrumental Drums and Calming Indian Flute Music,instrumental,2018.0,2010s,92.285,0.123034,1020.258,Flute Meditation Indian
chb1sV1Z,Drumming Indian Songs,Bansuri Flute Meditation Music Masters,"Sitar & Bansuri - Indian Traditional Folk Music, Tantric Instrumental Songs to Relax",hindi,2018.0,2010s,161.499,0.0253,3106.956,Flute Meditation Indian
IADp6VBv,Alap,"Subroto Ray Chodhwury, Madhuri Chattopadhay, Sannkha Chatterjee","Fusion - Sitar, Violin, Tabla",instrumental,2006.0,2000s,135.999,0.040135,1677.665,Tabla Fusion Instrumental
dkex2kNt,Vilambit,"Subroto Ray Chodhwury, Madhuri Chattopadhay, Sannkha Chatterjee","Fusion - Sitar, Violin, Tabla",instrumental,2006.0,2000s,198.768,0.080332,1915.551,Tabla Fusion Instrumental
J58kjo_0,Mishra Kamaj,"Subroto Ray Chodhwury, Madhuri Chattopadhay, Sannkha Chatterjee","Fusion - Sitar, Violin, Tabla",instrumental,2006.0,2000s,143.555,0.050165,1668.402,Tabla Fusion Instrumental
ZEZIZtfP,Madhyalaya,"Subroto Ray Chodhwury, Madhuri Chattopadhay, Sannkha Chatterjee","Fusion - Sitar, Violin, Tabla",instrumental,2006.0,2000s,117.454,0.068865,1935.301,Tabla Fusion Instrumental
4x-rz7fs,Madhyalaya,"Subroto Ray Chodhwury, Madhuri Chattopadhay, Sannkha Chatterjee","Fusion - Sitar, Violin, Tabla",instrumental,2006.0,2000s,117.454,0.085344,1965.204,Tabla Fusion Instrumental
5unHlUxM,Alap,"Subroto Ray Chodhwury, Madhuri Chattopadhay, Sannkha Chatterjee","Fusion - Sitar, Violin, Tabla",instrumental,2006.0,2000s,143.555,0.041057,1639.7,Tabla Fusion Instrumental
organic_track_999,Channa Mereya (Acoustic),"Arijit Singh, Pritam",Ae Dil Hai Mushkil,hindi,,2010s,,,,
